Day,Date,Time,Flag
Monday,15-Jan-00,8:07:30 PM,
Wednesday,14-Feb-00,2:50:12 PM,
Friday,16-Mar-00,9:11:48 AM,
Sunday,15-Apr-00,2:02:06 AM,
Monday,14-May-00,4:36:36 PM,
Wednesday,13-Jun-00,4:38:36 AM,[/]
Thursday,12-Jul-00,2:21:54 PM,
Friday,10-Aug-00,10:29:54 PM,
Sunday,9-Sep-00,6:06:06 AM,
Monday,8-Oct-00,2:18:06 PM,
Tuesday,6-Nov-00,11:59:36 PM,
Thursday,6-Dec-00,11:38:06 AM,[/]
Saturday,5-Jan-01,1:13:24 AM,
Sunday,3-Feb-01,4:29:42 PM,
Tuesday,5-Mar-01,9:04:06 AM,
Thursday,4-Apr-01,2:20:06 AM,
Friday,3-May-01,7:18:42 PM,[/]
Sunday,2-Jun-01,10:52:42 AM,
Tuesday,2-Jul-01,12:17:36 AM,
Wednesday,31-Jul-01,11:33:42 AM,[+]
Thursday,29-Aug-01,9:20:48 PM,
Saturday,28-Sep-01,6:35:42 AM,
Sunday,27-Oct-01,4:06:12 PM,[*]
Tuesday,26-Nov-01,2:17:30 AM,
Wednesday,25-Dec-01,1:15:48 PM,
Friday,24-Jan-02,1:06:06 AM,
Saturday,22-Feb-02,2:03:18 PM,
Monday,24-Mar-02,4:21:12 AM,
Tuesday,22-Apr-02,7:49:30 PM,[**]
Thursday,22-May-02,11:46:00 AM,
Saturday,21-Jun-02,3:16:42 AM,
Sunday,20-Jul-02,5:45:00 PM,
Tuesday,19-Aug-02,7:03:18 AM,
Wednesday,17-Sep-02,7:23:24 PM,
Friday,17-Oct-02,7:01:06 AM,[**]
Saturday,15-Nov-02,6:06:24 PM,
Monday,15-Dec-02,4:47:24 AM,
Tuesday,13-Jan-03,3:17:12 PM,
Thursday,12-Feb-03,1:57:42 AM,
Friday,13-Mar-03,1:12:48 PM,
Sunday,12-Apr-03,1:18:18 AM,[*]
Monday,11-May-03,2:17:54 PM,
Wednesday,10-Jun-03,4:07:54 AM,
Thursday,9-Jul-03,6:43:06 PM,
Saturday,8-Aug-03,9:54:12 AM,
Monday,7-Sep-03,1:19:48 AM,
Tuesday,6-Oct-03,4:23:30 PM,[*]
Thursday,5-Nov-03,6:27:24 AM,
Friday,4-Dec-03,7:12:42 PM,
Sunday,3-Jan-04,6:47:18 AM,
Monday,1-Feb-04,5:33:00 PM,
Wednesday,2-Mar-04,3:48:12 AM,[/]
Thursday,31-Mar-04,1:44:18 PM,[/][+]
Friday,29-Apr-04,11:36:12 PM,
Sunday,29-May-04,9:54:36 AM,
Monday,27-Jun-04,9:23:06 PM,
Wednesday,27-Jul-04,10:41:48 AM,
Friday,26-Aug-04,2:02:00 AM,
Saturday,24-Sep-04,6:49:42 PM,[/]
Monday,24-Oct-04,11:55:54 AM,
Wednesday,23-Nov-04,4:12:06 AM,
Thursday,22-Dec-04,7:00:54 PM,
Saturday,21-Jan-05,8:14:00 AM,
Sunday,19-Feb-05,7:51:48 PM,[*]
Tuesday,21-Mar-05,5:55:24 AM,
Wednesday,19-Apr-05,2:37:48 PM,
Thursday,18-May-05,10:36:12 PM,
Saturday,17-Jun-05,6:51:18 AM,
Sunday,16-Jul-05,4:31:30 PM,
Tuesday,15-Aug-05,4:31:18 AM,[*]
Wednesday,13-Sep-05,7:09:54 PM,
Friday,13-Oct-05,12:02:30 PM,
Sunday,12-Nov-05,6:11:12 AM,
Tuesday,12-Dec-05,12:25:18 AM,
Wednesday,10-Jan-06,5:36:18 PM,
Friday,9-Feb-06,8:45:30 AM,[**]
Saturday,10-Mar-06,9:17:06 PM,
Monday,9-Apr-06,7:12:12 AM,
Tuesday,8-May-06,3:09:30 PM,
Wednesday,6-Jun-06,10:11:30 PM,
Friday,6-Jul-06,5:27:24 AM,
Saturday,4-Aug-06,1:59:36 PM,[**]
Monday,3-Sep-06,12:36:18 AM,
Tuesday,2-Oct-06,1:48:24 PM,
Thursday,1-Nov-06,5:45:48 AM,
Saturday,1-Dec-06,12:07:00 AM,
Sunday,30-Dec-06,7:43:42 PM,
Tuesday,29-Jan-07,2:45:00 PM,[*]
Thursday,28-Feb-07,7:22:42 AM,
Friday,29-Mar-07,8:44:18 PM,
Sunday,28-Apr-07,7:04:36 AM,
Monday,27-May-07,3:17:42 PM,
Tuesday,25-Jun-07,10:26:54 PM,
Thursday,25-Jul-07,5:29:18 AM,[*]
Friday,23-Aug-07,1:15:00 PM,
Saturday,21-Sep-07,10:33:36 PM,
Monday,21-Oct-07,10:16:30 AM,
Wednesday,20-Nov-07,1:04:12 AM,
Thursday,19-Dec-07,6:54:54 PM,
Saturday,18-Jan-08,2:36:42 PM,[/]
Monday,17-Feb-08,10:05:12 AM,
Wednesday,18-Mar-08,3:28:18 AM,
Thursday,16-Apr-08,5:55:06 PM,
Saturday,16-May-08,5:32:12 AM,
Sunday,14-Jun-08,2:55:06 PM,[/]
Monday,13-Jul-08,10:47:42 PM,[/]
Wednesday,12-Aug-08,5:58:42 AM,
Thursday,10-Sep-08,1:23:12 PM,
Friday,9-Oct-08,10:03:12 PM,
Sunday,8-Nov-08,8:57:54 AM,
Monday,7-Dec-08,10:43:54 PM,[/]
Wednesday,6-Jan-09,3:12:30 PM,
Friday,5-Feb-09,9:24:30 AM,
Sunday,7-Mar-09,3:55:30 AM,
Monday,5-Apr-09,9:28:06 PM,
Wednesday,5-May-09,1:07:30 PM,
Friday,4-Jun-09,2:24:30 AM,[**]
Saturday,3-Jul-09,1:17:06 PM,
Sunday,1-Aug-09,10:13:42 PM,
Tuesday,31-Aug-09,6:07:42 AM,[+]
Wednesday,29-Sep-09,2:05:12 PM,
Thursday,28-Oct-09,11:06:54 PM,
Saturday,27-Nov-09,9:51:42 AM,[**]
Sunday,26-Dec-09,10:29:42 PM,
Tuesday,25-Jan-10,12:50:24 PM,
Thursday,24-Feb-10,4:35:30 AM,
Friday,25-Mar-10,9:20:30 PM,
Sunday,24-Apr-10,2:22:24 PM,
Tuesday,24-May-10,6:38:48 AM,[**]
Wednesday,22-Jun-10,9:11:36 PM,
Friday,22-Jul-10,9:36:42 AM,
Saturday,20-Aug-10,8:13:48 PM,
Monday,19-Sep-10,5:52:12 AM,
Tuesday,18-Oct-10,3:24:18 PM,
Thursday,17-Nov-10,1:24:54 AM,[**]
Friday,16-Dec-10,12:04:54 PM,
Saturday,14-Jan-11,11:25:48 PM,
Monday,13-Feb-11,11:37:12 AM,
Wednesday,15-Mar-11,12:58:06 AM,
Thursday,13-Apr-11,3:36:12 PM,
Saturday,13-May-11,7:09:30 AM,[/]
Sunday,11-Jun-11,10:50:30 PM,
Tuesday,11-Jul-11,1:53:06 PM,
Thursday,10-Aug-11,3:54:30 AM,
Friday,8-Sep-11,4:56:18 PM,
Sunday,8-Oct-11,5:11:00 AM,
Monday,6-Nov-11,4:47:54 PM,[/]
Wednesday,6-Dec-11,3:51:42 AM,
Thursday,4-Jan-12,2:29:24 PM,
Saturday,3-Feb-12,12:57:48 AM,
Sunday,3-Mar-12,11:41:36 AM,
Monday,1-Apr-12,11:04:18 PM,[*]
Wednesday,1-May-12,11:19:06 AM,
Friday,31-May-12,12:29:12 AM,[+]
Saturday,29-Jun-12,2:33:30 PM,
Monday,29-Jul-12,5:27:48 AM,
Tuesday,27-Aug-12,8:58:30 PM,
Thursday,26-Sep-12,12:33:54 PM,[*]
Saturday,26-Oct-12,3:30:18 AM,
Sunday,24-Nov-12,5:11:54 PM,
Tuesday,24-Dec-12,5:30:00 AM,
Wednesday,22-Jan-13,4:39:48 PM,
Friday,21-Feb-13,3:03:06 AM,
Saturday,22-Mar-13,12:55:48 PM,[**]
Sunday,20-Apr-13,10:32:24 PM,
Tuesday,20-May-13,8:17:54 AM,
Wednesday,18-Jun-13,6:53:18 PM,
Friday,18-Jul-13,7:06:00 AM,
Saturday,16-Aug-13,9:26:36 PM,
Monday,15-Sep-13,1:45:30 PM,[**]
Wednesday,15-Oct-13,7:06:24 AM,
Friday,14-Nov-13,12:11:06 AM,
Saturday,13-Dec-13,4:00:00 PM,
Monday,12-Jan-14,6:08:42 AM,
Tuesday,10-Feb-14,6:34:18 PM,
Thursday,12-Mar-14,5:18:12 AM,[*]
Friday,10-Apr-14,2:27:54 PM,
Saturday,9-May-14,10:30:24 PM,
Monday,8-Jun-14,6:18:06 AM,
Tuesday,7-Jul-14,2:59:24 PM,
Thursday,6-Aug-14,1:40:18 AM,
Friday,4-Sep-14,3:00:48 PM,[*]
Sunday,4-Oct-14,6:58:30 AM,
Tuesday,3-Nov-14,12:48:18 AM,
Wednesday,2-Dec-14,7:20:12 PM,
Friday,1-Jan-15,1:20:12 PM,
Sunday,31-Jan-15,5:40:54 AM,[/]
Monday,1-Mar-15,7:32:24 PM,[/]
Wednesday,31-Mar-15,6:37:24 AM,[+]
Thursday,29-Apr-15,3:19:06 PM,
Friday,28-May-15,10:32:30 PM,
Sunday,27-Jun-15,5:27:00 AM,
Monday,26-Jul-15,1:10:42 PM,[/]
Tuesday,24-Aug-15,10:40:06 PM,[/]
Thursday,23-Sep-15,10:34:48 AM,
Saturday,23-Oct-15,1:15:12 AM,
Sunday,21-Nov-15,6:36:00 PM,
Tuesday,21-Dec-15,1:51:54 PM,
Thursday,20-Jan-16,9:28:36 AM,[*]
Saturday,19-Feb-16,3:28:12 AM,
Sunday,19-Mar-16,6:26:18 PM,
Tuesday,18-Apr-16,6:07:12 AM,
Wednesday,17-May-16,4:11:06 PM,
Thursday,15-Jun-16,11:41:18 PM,
Saturday,15-Jul-16,6:39:48 AM,[*]
Sunday,13-Aug-16,2:00:00 PM,
Monday,11-Sep-16,10:30:30 PM,
Wednesday,11-Oct-16,8:00:42 AM,
Thursday,9-Nov-16,9:17:42 PM,
Saturday,9-Dec-16,1:43:24 PM,
Monday,8-Jan-17,8:41:36 AM,[**]
Wednesday,7-Feb-17,4:28:06 AM,
Thursday,8-Mar-17,10:57:42 PM,
Saturday,7-Apr-17,2:48:30 PM,
Monday,7-May-17,4:42:54 AM,
Tuesday,5-Jun-17,3:06:24 PM,
Wednesday,4-Jul-17,11:40:12 PM,[**]
Friday,3-Aug-17,7:10:30 AM,
Saturday,1-Sep-17,2:28:12 PM,
Sunday,30-Sep-17,9:30:48 PM,[+]
Tuesday,30-Oct-17,7:18:48 AM,
Wednesday,28-Nov-17,7:41:00 PM,
Friday,28-Dec-17,10:51:18 AM,[**]
Sunday,27-Jan-18,4:13:42 AM,
Monday,25-Feb-18,10:34:18 PM,
Wednesday,27-Mar-18,4:32:24 PM,
Friday,26-Apr-18,10:05:06 AM,
Sunday,26-May-18,12:32:12 AM,
Monday,24-Jun-18,12:37:54 PM,[*]
Tuesday,23-Jul-18,10:34:24 PM,
Thursday,22-Aug-18,7:01:54 AM,
Friday,20-Sep-18,2:00:42 PM,
Saturday,19-Oct-18,10:34:24 PM,
Monday,18-Nov-18,8:32:36 AM,
Tuesday,17-Dec-18,8:17:06 PM,[/]
Thursday,16-Jan-19,9:44:00 AM,
Saturday,15-Feb-19,12:37:42 AM,
Sunday,16-Mar-19,4:40:42 PM,
Tuesday,15-Apr-19,9:24:48 AM,
Thursday,15-May-19,2:00:54 AM,[/]
Friday,13-Jun-19,5:27:54 PM,
Sunday,13-Jul-19,7:01:54 AM,
Monday,11-Aug-19,6:39:06 PM,
Wednesday,10-Sep-19,4:54:00 AM,
Thursday,9-Oct-19,2:38:18 PM,
Saturday,8-Nov-19,12:34:48 AM,[*]
Sunday,7-Dec-19,11:03:06 AM,
Monday,5-Jan-20,10:04:30 PM,
Wednesday,4-Feb-20,9:42:00 AM,
Thursday,4-Mar-20,10:12:12 PM,
Saturday,3-Apr-20,11:54:18 AM,
Monday,3-May-20,2:46:54 AM,[**]
Tuesday,1-Jun-20,6:17:48 PM,
Thursday,1-Jul-20,9:40:18 AM,
Saturday,31-Jul-20,12:19:00 AM,[+]
Sunday,29-Aug-20,2:02:24 PM,
Tuesday,28-Sep-20,2:56:18 AM,
Wednesday,27-Oct-20,3:08:36 PM,[**]
Friday,26-Nov-20,2:42:00 AM,
Saturday,25-Dec-20,1:38:12 PM,
Monday,24-Jan-21,12:07:30 AM,
Tuesday,22-Feb-21,10:31:54 AM,
Wednesday,23-Mar-21,9:18:24 PM,
Friday,22-Apr-21,8:49:00 AM,[**]
Saturday,21-May-21,9:15:00 PM,
Monday,20-Jun-21,10:40:54 AM,
Wednesday,20-Jul-21,1:07:18 AM,
Thursday,18-Aug-21,4:28:00 PM,
Saturday,17-Sep-21,8:19:36 AM,
Sunday,16-Oct-21,11:59:12 PM,[*]
Tuesday,15-Nov-21,2:38:48 PM,
Thursday,15-Dec-21,3:50:12 AM,
Friday,13-Jan-22,3:36:06 PM,
Sunday,12-Feb-22,2:17:00 AM,
Monday,13-Mar-22,12:14:00 PM,[/]
Tuesday,11-Apr-22,9:43:12 PM,[/]
Thursday,11-May-22,7:05:48 AM,
Friday,9-Jun-22,4:57:36 PM,
Sunday,9-Jul-22,4:06:54 AM,
Monday,7-Aug-22,5:18:24 PM,
Wednesday,6-Sep-22,8:46:54 AM,
Friday,6-Oct-22,1:58:00 AM,[/]
Saturday,4-Nov-22,7:36:12 PM,
Monday,4-Dec-22,12:23:18 PM,
Wednesday,3-Jan-23,3:33:12 AM,
Thursday,1-Feb-23,4:53:00 PM,
Saturday,3-Mar-23,4:23:24 AM,[*]
Sunday,1-Apr-23,2:09:36 PM,
Monday,30-Apr-23,10:30:06 PM,
Wednesday,30-May-23,6:07:00 AM,
Thursday,28-Jun-23,2:04:06 PM,
Friday,27-Jul-23,11:32:24 PM,
Sunday,26-Aug-23,11:29:12 AM,[*]
Tuesday,25-Sep-23,2:15:36 AM,
Wednesday,24-Oct-23,7:26:06 PM,
Friday,23-Nov-23,1:57:42 PM,
Sunday,23-Dec-23,8:32:54 AM,
Tuesday,22-Jan-24,1:56:36 AM,
Wednesday,20-Feb-24,5:07:00 PM,[**]
Friday,21-Mar-24,5:29:54 AM,
Saturday,19-Apr-24,3:10:30 PM,
Sunday,18-May-24,10:52:18 PM,
Tuesday,17-Jun-24,5:41:18 AM,
Wednesday,16-Jul-24,12:48:48 PM,
Thursday,14-Aug-24,9:18:54 PM,[**]
Saturday,13-Sep-24,7:59:42 AM,
Sunday,12-Oct-24,9:21:06 PM,
Tuesday,11-Nov-24,1:30:30 PM,
Thursday,11-Dec-24,8:03:18 AM,
Saturday,10-Jan-25,3:47:12 AM,
Sunday,8-Feb-25,10:48:54 PM,[*]
Tuesday,10-Mar-25,3:20:42 PM,
Thursday,9-Apr-25,4:32:36 AM,
Friday,8-May-25,2:42:30 PM,
Saturday,6-Jun-25,10:47:36 PM,
Monday,6-Jul-25,5:53:36 AM,
Tuesday,4-Aug-25,12:58:48 PM,[*]
Wednesday,2-Sep-25,8:52:48 PM,
Friday,2-Oct-25,6:22:42 AM,
Saturday,31-Oct-25,6:16:30 PM,
Monday,30-Nov-25,9:10:48 AM,
Wednesday,30-Dec-25,3:01:18 AM,
Thursday,28-Jan-26,10:35:12 PM,[/]
Saturday,27-Feb-26,5:50:36 PM,
Monday,29-Mar-26,11:00:06 AM,
Wednesday,28-Apr-26,1:16:30 AM,
Thursday,27-May-26,12:48:30 PM,
Friday,25-Jun-26,10:12:36 PM,[/]
Sunday,25-Jul-26,6:13:12 AM,[/]
Monday,23-Aug-26,1:37:36 PM,
Tuesday,21-Sep-26,9:18:54 PM,
Thursday,21-Oct-26,6:15:00 AM,
Friday,19-Nov-26,5:20:54 PM,
Sunday,19-Dec-26,7:08:36 AM,[/]
Monday,17-Jan-27,11:26:42 PM,
Wednesday,16-Feb-27,5:17:54 PM,
Friday,18-Mar-27,11:24:00 AM,
Sunday,17-Apr-27,4:35:12 AM,
Monday,16-May-27,8:02:36 PM,
Wednesday,15-Jun-27,9:19:12 AM,[**]
Thursday,14-Jul-27,8:22:18 PM,
Saturday,13-Aug-27,5:37:06 AM,
Sunday,11-Sep-27,1:53:42 PM,
Monday,10-Oct-27,10:14:30 PM,
Wednesday,9-Nov-27,7:36:00 AM,
Thursday,8-Dec-27,6:31:48 PM,[**]
Saturday,7-Jan-28,7:07:36 AM,
Sunday,5-Feb-28,9:10:48 PM,
Tuesday,6-Mar-28,12:26:48 PM,
Thursday,5-Apr-28,4:38:12 AM,
Friday,4-May-28,9:11:42 PM,
Sunday,3-Jun-28,1:13:18 PM,[**]
Tuesday,3-Jul-28,3:48:24 AM,
Wednesday,1-Aug-28,4:30:24 PM,
Friday,31-Aug-28,3:33:54 AM,
Saturday,29-Sep-28,1:42:24 PM,
Sunday,28-Oct-28,11:43:12 PM,
Tuesday,27-Nov-28,10:05:24 AM,[**]
Wednesday,26-Dec-28,8:54:36 PM,
Friday,25-Jan-29,8:09:00 AM,
Saturday,23-Feb-29,7:58:30 PM,
Monday,25-Mar-29,8:46:06 AM,
Tuesday,23-Apr-29,10:47:18 PM,
Thursday,23-May-29,1:49:42 PM,[/]
Saturday,22-Jun-29,5:14:54 AM,
Sunday,21-Jul-29,8:20:36 PM,
Tuesday,20-Aug-29,10:42:12 AM,
Thursday,19-Sep-29,12:15:42 AM,
Friday,18-Oct-29,1:05:48 PM,
Sunday,17-Nov-29,1:14:06 AM,[/]
Monday,16-Dec-29,12:38:06 PM,
Tuesday,14-Jan-30,11:20:54 PM,
Thursday,13-Feb-30,9:38:30 AM,
Friday,14-Mar-30,7:58:12 PM,
Sunday,13-Apr-30,6:48:24 AM,[*]
Monday,12-May-30,6:29:12 PM,
Wednesday,11-Jun-30,7:11:36 AM,
Thursday,10-Jul-30,9:01:00 PM,
Saturday,9-Aug-30,11:57:30 AM,
Monday,8-Sep-30,3:47:42 AM,
Tuesday,7-Oct-30,7:55:30 PM,[*]
Thursday,6-Nov-30,11:28:06 AM,
Saturday,6-Dec-30,1:39:48 AM,
Sunday,4-Jan-31,2:14:48 PM,
Tuesday,3-Feb-31,1:25:48 AM,
Wednesday,4-Mar-31,11:35:54 AM,
Thursday,2-Apr-31,9:05:24 PM,[**]
Saturday,2-May-31,6:14:18 AM,
Sunday,31-May-31,3:32:54 PM,[+]
Tuesday,30-Jun-31,1:46:48 AM,
Wednesday,29-Jul-31,1:47:24 PM,
Friday,28-Aug-31,4:09:24 AM,
Saturday,26-Sep-31,8:44:48 PM,[**]
Monday,26-Oct-31,2:33:54 PM,
Wednesday,25-Nov-31,8:09:48 AM,
Friday,25-Dec-31,12:23:24 AM,
Saturday,23-Jan-32,2:44:06 PM,
Monday,22-Feb-32,3:07:18 AM,
Tuesday,22-Mar-32,1:37:18 PM,[*]
Wednesday,20-Apr-32,10:27:00 PM,
Friday,20-May-32,6:08:36 AM,
Saturday,18-Jun-32,1:38:00 PM,
Sunday,17-Jul-32,10:06:12 PM,
Tuesday,16-Aug-32,8:41:24 AM,
Wednesday,14-Sep-32,10:06:00 PM,[*]
Friday,14-Oct-32,2:17:36 PM,
Sunday,13-Nov-32,8:28:00 AM,
Tuesday,13-Dec-32,3:20:54 AM,
Wednesday,11-Jan-33,9:35:36 PM,
Friday,10-Feb-33,2:00:24 PM,[/]
Sunday,12-Mar-33,3:45:36 AM,[/]
Monday,10-Apr-33,2:37:36 PM,
Tuesday,9-May-33,11:04:18 PM,
Thursday,8-Jun-33,6:04:36 AM,
Friday,7-Jul-33,12:50:30 PM,
Saturday,5-Aug-33,8:31:30 PM,[/]
Monday,4-Sep-33,6:04:18 AM,[/]
Tuesday,3-Oct-33,6:07:36 PM,
Thursday,2-Nov-33,8:59:12 AM,
Saturday,2-Dec-33,2:30:54 AM,
Sunday,31-Dec-33,9:53:54 PM,[+]
Tuesday,30-Jan-34,5:31:24 PM,[*]
Thursday,1-Mar-34,11:25:36 AM,
Saturday,31-Mar-34,2:14:30 AM,
Sunday,29-Apr-34,1:45:24 PM,
Monday,28-May-34,10:41:18 PM,
Wednesday,27-Jun-34,6:07:48 AM,
Thursday,26-Jul-34,1:08:30 PM,[*]
Friday,24-Aug-34,8:36:42 PM,
Sunday,23-Sep-34,5:18:48 AM,
Monday,22-Oct-34,4:01:00 PM,
Wednesday,21-Nov-34,5:26:12 AM,
Thursday,20-Dec-34,9:53:12 PM,
Saturday,19-Jan-35,4:44:12 PM,[**]
Monday,18-Feb-35,12:17:06 PM,
Wednesday,20-Mar-35,6:31:18 AM,
Thursday,18-Apr-35,10:09:36 PM,
Saturday,18-May-35,10:57:00 AM,
Sunday,16-Jun-35,9:20:00 PM,
Tuesday,16-Jul-35,6:00:24 AM,[**]
Wednesday,14-Aug-35,1:43:30 PM,
Thursday,12-Sep-35,9:18:12 PM,
Saturday,12-Oct-35,5:39:00 AM,
Sunday,10-Nov-35,3:41:42 PM,
Tuesday,10-Dec-35,4:10:12 AM,
Wednesday,8-Jan-36,7:14:36 PM,[**]
Friday,7-Feb-36,12:18:48 PM,
Sunday,8-Mar-36,6:13:30 AM,
Monday,6-Apr-36,11:46:18 PM,
Wednesday,6-May-36,4:01:06 PM,
Friday,5-Jun-36,6:22:18 AM,
Saturday,4-Jul-36,6:34:24 PM,[*]
Monday,3-Aug-36,4:47:12 AM,
Tuesday,1-Sep-36,1:37:18 PM,
Wednesday,30-Sep-36,10:00:48 PM,[+]
Friday,30-Oct-36,6:57:30 AM,
Saturday,28-Nov-36,5:11:48 PM,
Monday,28-Dec-36,5:00:06 AM,[/]
Tuesday,26-Jan-37,6:15:18 PM,
Thursday,25-Feb-37,8:43:12 AM,
Saturday,27-Mar-37,12:12:12 AM,
Sunday,25-Apr-37,4:23:30 PM,
Tuesday,25-May-37,8:37:36 AM,[/]
Wednesday,23-Jun-37,11:59:30 PM,
Friday,23-Jul-37,1:45:30 PM,
Sunday,22-Aug-37,1:47:00 AM,
Monday,20-Sep-37,12:32:24 PM,
Tuesday,19-Oct-37,10:47:24 PM,
Thursday,18-Nov-37,9:09:30 AM,[*]
Friday,17-Dec-37,7:52:24 PM,
Sunday,16-Jan-38,6:53:18 AM,
Monday,14-Feb-38,6:14:24 PM,
Wednesday,16-Mar-38,6:15:06 AM,
Thursday,14-Apr-38,7:20:48 PM,
Saturday,14-May-38,9:38:54 AM,[**]
Monday,13-Jun-38,12:47:00 AM,
Tuesday,12-Jul-38,4:04:30 PM,
Thursday,11-Aug-38,6:56:48 AM,
Friday,9-Sep-38,9:08:06 PM,
Sunday,9-Oct-38,10:37:00 AM,
Monday,7-Nov-38,11:23:24 PM,[**]
Wednesday,7-Dec-38,11:22:06 AM,
Thursday,5-Jan-39,10:29:42 PM,
Saturday,4-Feb-39,8:54:36 AM,
Sunday,5-Mar-39,7:00:24 PM,
Tuesday,4-Apr-39,5:18:00 AM,
Wednesday,3-May-39,4:15:18 PM,[**]
Friday,2-Jun-39,4:10:54 AM,
Saturday,1-Jul-39,5:16:00 PM,
Monday,31-Jul-39,7:36:30 AM,[+]
Tuesday,29-Aug-39,11:08:36 PM,
Thursday,28-Sep-39,3:27:00 PM,
Saturday,28-Oct-39,7:41:36 AM,[*]
Sunday,26-Nov-39,10:54:18 PM,
Tuesday,26-Dec-39,12:28:24 PM,
Thursday,25-Jan-40,12:21:54 AM,
Friday,23-Feb-40,10:55:24 AM,
Saturday,23-Mar-40,8:33:12 PM,[/]
Monday,22-Apr-40,6:36:54 AM,[/]
Tuesday,21-May-40,3:32:54 PM,
Thursday,20-Jun-40,1:01:36 AM,
Friday,19-Jul-40,11:55:18 AM,
Sunday,18-Aug-40,1:02:24 AM,
Monday,16-Sep-40,4:40:42 PM,
Wednesday,16-Oct-40,10:14:54 AM,[/]
Friday,15-Nov-40,4:23:12 AM,
Saturday,14-Dec-40,9:37:36 PM,
Monday,13-Jan-41,1:04:00 PM,
Wednesday,12-Feb-41,2:26:24 AM,
Thursday,13-Mar-41,1:46:42 PM,[*]
Friday,11-Apr-41,11:15:00 PM,
Sunday,11-May-41,7:15:18 AM,
Monday,9-Jun-41,2:34:00 PM,
Tuesday,8-Jul-41,10:17:18 PM,
Thursday,7-Aug-41,7:38:18 AM,
Friday,5-Sep-41,7:35:54 PM,[*]
Sunday,5-Oct-41,10:32:12 AM,
Tuesday,4-Nov-41,3:59:42 AM,
Wednesday,3-Dec-41,10:50:54 PM,
Friday,2-Jan-42,5:41:42 PM,
Sunday,1-Feb-42,11:12:18 AM,
Tuesday,3-Mar-42,2:19:48 AM,[**]
Wednesday,1-Apr-42,2:32:12 PM,
Thursday,30-Apr-42,11:59:30 PM,[+]
Saturday,30-May-42,7:28:54 AM,
Sunday,28-Jun-42,2:09:18 PM,
Monday,27-Jul-42,9:13:36 PM,
Wednesday,26-Aug-42,5:46:06 AM,[**]
Thursday,24-Sep-42,4:34:06 PM,
Saturday,24-Oct-42,6:05:18 AM,
Sunday,22-Nov-42,9:24:12 PM,
Tuesday,22-Dec-42,4:03:06 PM,
Thursday,21-Jan-43,11:47:48 AM,
Saturday,20-Feb-43,6:44:42 AM,[*]
Sunday,21-Mar-43,11:08:00 PM,
Tuesday,20-Apr-43,1:10:30 PM,
Wednesday,19-May-43,11:12:48 PM,
Friday,18-Jun-43,7:14:00 AM,
Saturday,17-Jul-43,2:21:30 PM,
Sunday,15-Aug-43,9:33:54 PM,[*]
Tuesday,14-Sep-43,5:39:36 AM,
Wednesday,13-Oct-43,2:22:36 PM,
Friday,12-Nov-43,2:26:36 AM,
Saturday,11-Dec-43,5:24:24 PM,
Monday,10-Jan-44,11:09:18 AM,
Wednesday,9-Feb-44,6:29:30 AM,[/]
Friday,10-Mar-44,1:27:36 AM,
Saturday,8-Apr-44,7:21:36 PM,
Monday,8-May-44,9:28:06 AM,
Tuesday,6-Jun-44,8:57:36 PM,
Thursday,6-Jul-44,6:26:42 AM,[/]
Friday,4-Aug-44,2:39:12 PM,[/]
Saturday,2-Sep-44,10:20:54 PM,
Monday,2-Oct-44,5:21:42 AM,
Tuesday,31-Oct-44,2:35:24 PM,[+]
Thursday,30-Nov-44,1:51:42 AM,
Friday,29-Dec-44,3:38:06 PM,[/]
Sunday,28-Jan-45,7:41:06 AM,
Tuesday,27-Feb-45,1:06:42 AM,
Wednesday,28-Mar-45,6:44:24 PM,
Friday,27-Apr-45,12:32:42 PM,
Sunday,27-May-45,4:48:48 AM,
Monday,25-Jun-45,6:07:54 PM,[*]
Wednesday,25-Jul-45,5:25:30 AM,
Thursday,23-Aug-45,3:02:54 PM,
Friday,21-Sep-45,11:45:36 PM,
Sunday,21-Oct-45,7:31:42 AM,
Monday,19-Nov-45,4:12:48 PM,
Wednesday,19-Dec-45,3:17:24 AM,[**]
Thursday,17-Jan-46,3:46:30 PM,
Saturday,16-Feb-46,5:27:48 AM,
Sunday,17-Mar-46,8:11:00 PM,
Tuesday,16-Apr-46,12:47:00 PM,
Thursday,16-May-46,4:52:30 AM,
Friday,14-Jun-46,8:41:36 PM,[**]
Sunday,14-Jul-46,11:22:36 AM,
Tuesday,13-Aug-46,12:25:48 AM,
Wednesday,11-Sep-46,11:59:24 AM,
Thursday,10-Oct-46,9:40:24 PM,
Saturday,9-Nov-46,8:10:12 AM,
Sunday,8-Dec-46,6:52:00 PM,[**]
Tuesday,7-Jan-47,5:46:42 AM,
Wednesday,5-Feb-47,4:50:24 PM,
Friday,7-Mar-47,4:15:06 AM,
Saturday,5-Apr-47,4:28:18 PM,
Monday,5-May-47,6:53:12 AM,
Tuesday,3-Jun-47,10:26:42 PM,[*]
Thursday,3-Jul-47,12:38:30 PM,
Saturday,2-Aug-47,3:49:54 AM,
Sunday,31-Aug-47,6:34:00 PM,[+]
Tuesday,30-Sep-47,8:40:48 AM,
Wednesday,29-Oct-47,9:06:48 PM,
Friday,28-Nov-47,9:45:12 AM,[/]
Saturday,27-Dec-47,9:26:54 PM,
Monday,26-Jan-48,8:11:24 AM,
Tuesday,24-Feb-48,6:15:36 PM,
Thursday,25-Mar-48,4:10:06 AM,
Friday,23-Apr-48,3:28:18 PM,[*]
Sunday,23-May-48,2:37:00 AM,
Monday,21-Jun-48,2:54:00 PM,
Wednesday,21-Jul-48,4:31:00 AM,
Thursday,19-Aug-48,7:31:42 PM,
Saturday,18-Sep-48,11:42:48 AM,
Monday,18-Oct-48,3:23:24 AM,[/]
Tuesday,16-Nov-48,7:31:24 PM,
Thursday,16-Dec-48,10:10:54 AM,
Friday,14-Jan-49,10:59:30 PM,
Sunday,13-Feb-49,10:08:12 AM,
Monday,14-Mar-49,8:02:48 PM,
Wednesday,13-Apr-49,6:08:24 AM,[**]
Thursday,12-May-49,2:50:48 PM,
Friday,10-Jun-49,11:45:12 PM,
Sunday,10-Jul-49,9:41:06 AM,
Monday,8-Aug-49,9:33:12 PM,
Wednesday,7-Sep-49,11:59:18 AM,
Friday,7-Oct-49,3:52:36 AM,[**]
Saturday,5-Nov-49,10:09:00 PM,
Monday,5-Dec-49,4:13:30 PM,
Wednesday,4-Jan-50,8:47:48 AM,
Thursday,2-Feb-50,11:16:06 PM,
Saturday,4-Mar-50,11:33:48 AM,
Sunday,2-Apr-50,9:48:48 PM,[**]
Tuesday,2-May-50,6:19:30 AM,
Wednesday,31-May-50,1:43:00 PM,[+]
Thursday,29-Jun-50,8:58:06 PM,
Saturday,29-Jul-50,5:17:36 AM,
Sunday,27-Aug-50,3:50:54 PM,
Tuesday,26-Sep-50,5:21:24 AM,[**]
Wednesday,25-Oct-50,9:46:24 PM,
Friday,24-Nov-50,4:14:06 PM,
Sunday,24-Dec-50,11:22:54 AM,
Tuesday,23-Jan-51,5:47:00 AM,
Wednesday,21-Feb-51,10:12:12 PM,
Friday,23-Mar-51,11:49:48 AM,[/]
Saturday,21-Apr-51,10:29:54 PM,
Monday,21-May-51,6:44:42 AM,
Tuesday,19-Jun-51,1:35:54 PM,
Wednesday,18-Jul-51,8:17:24 PM,
Friday,17-Aug-51,3:59:24 AM,[/]
Saturday,15-Sep-51,1:38:24 PM,[/]
Monday,15-Oct-51,1:50:54 AM,
Tuesday,13-Nov-51,4:52:06 PM,
Thursday,13-Dec-51,10:30:24 AM,
Saturday,12-Jan-52,5:55:00 AM,
Monday,11-Feb-52,1:28:12 AM,[*]
Tuesday,11-Mar-52,7:13:54 PM,
Thursday,10-Apr-52,9:53:12 AM,
Friday,9-May-52,9:15:48 PM,
Sunday,8-Jun-52,6:06:54 AM,
Monday,7-Jul-52,1:33:30 PM,
Tuesday,5-Aug-52,8:40:00 PM,[*]
Thursday,4-Sep-52,4:19:18 AM,
Friday,3-Oct-52,1:15:12 PM,
Sunday,2-Nov-52,12:09:42 AM,
Monday,1-Dec-52,1:41:24 PM,
Wednesday,31-Dec-52,6:05:36 AM,
Friday,30-Jan-53,12:44:12 AM,[**]
Saturday,28-Feb-53,7:58:42 PM,
Monday,30-Mar-53,1:54:54 PM,
Wednesday,29-Apr-53,5:20:24 AM,
Thursday,28-May-53,6:02:54 PM,
Saturday,27-Jun-53,4:29:18 AM,
Sunday,26-Jul-53,1:20:36 PM,[**]
Monday,24-Aug-53,9:20:42 PM,
Wednesday,23-Sep-53,5:15:36 AM,
Thursday,22-Oct-53,1:55:42 PM,
Saturday,21-Nov-53,12:12:06 AM,
Sunday,20-Dec-53,12:43:30 PM,
Tuesday,19-Jan-54,3:36:48 AM,[**]
Wednesday,17-Feb-54,8:17:18 PM,
Friday,19-Mar-54,1:42:24 PM,
Sunday,18-Apr-54,6:48:30 AM,
Monday,17-May-54,10:46:54 PM,
Wednesday,16-Jun-54,1:05:42 PM,
Friday,16-Jul-54,1:29:00 AM,[*]
Saturday,14-Aug-54,12:03:00 PM,
Sunday,12-Sep-54,9:19:24 PM,
Tuesday,12-Oct-54,6:09:48 AM,
Wednesday,10-Nov-54,3:29:06 PM,
Friday,10-Dec-54,1:56:36 AM,
Saturday,8-Jan-55,1:44:06 PM,[/]
Monday,7-Feb-55,2:42:42 AM,
Tuesday,8-Mar-55,4:41:12 PM,
Thursday,7-Apr-55,7:34:48 AM,
Friday,6-May-55,11:14:00 PM,
Sunday,5-Jun-55,3:08:24 PM,[/]
Tuesday,5-Jul-55,6:28:36 AM,
Wednesday,3-Aug-55,8:30:06 PM,
Friday,2-Sep-55,8:59:18 AM,
Saturday,1-Oct-55,8:17:24 PM,
Monday,31-Oct-55,7:03:48 AM,
Tuesday,29-Nov-55,5:49:48 PM,[*]
Thursday,29-Dec-55,4:43:54 AM,
Friday,27-Jan-56,3:40:18 PM,
Sunday,26-Feb-56,2:41:36 AM,
Monday,26-Mar-56,2:11:06 PM,
Wednesday,25-Apr-56,2:40:30 AM,
Thursday,24-May-56,4:25:48 PM,[*]
Saturday,23-Jun-56,7:13:30 AM,
Sunday,22-Jul-56,10:29:00 PM,
Tuesday,21-Aug-56,1:37:48 PM,
Thursday,20-Sep-56,4:19:24 AM,
Friday,19-Oct-56,6:24:36 PM,
Sunday,18-Nov-56,7:44:36 AM,[**]
Monday,17-Dec-56,8:06:18 PM,
Wednesday,16-Jan-57,7:21:24 AM,
Thursday,14-Feb-57,5:37:48 PM,
Saturday,16-Mar-57,3:21:48 AM,
Sunday,14-Apr-57,1:09:18 PM,
Monday,13-May-57,11:34:18 PM,[**]
Wednesday,12-Jun-57,11:01:54 AM,
Thursday,11-Jul-57,11:49:42 PM,
Saturday,10-Aug-57,2:08:12 PM,
Monday,9-Sep-57,5:55:06 AM,
Tuesday,8-Oct-57,10:42:12 PM,
Thursday,7-Nov-57,3:32:00 PM,[**]
Saturday,7-Dec-57,7:15:54 AM,
Sunday,5-Jan-58,9:08:48 PM,
Tuesday,4-Feb-58,9:05:30 AM,
Wednesday,5-Mar-58,7:27:54 PM,
Friday,4-Apr-58,4:44:48 AM,[/]
Saturday,3-May-58,1:23:18 PM,[*]
Sunday,1-Jun-58,9:55:06 PM,
Tuesday,1-Jul-58,7:04:30 AM,
Wednesday,30-Jul-58,5:46:48 PM,[+]
Friday,29-Aug-58,6:53:24 AM,
Saturday,27-Sep-58,10:43:42 PM,
Monday,27-Oct-58,4:41:00 PM,[/]
Wednesday,26-Nov-58,11:16:42 AM,
Friday,26-Dec-58,4:54:06 AM,
Saturday,24-Jan-59,8:32:30 PM,
Monday,23-Feb-59,9:53:48 AM,
Tuesday,24-Mar-59,9:02:24 PM,[*]
Thursday,23-Apr-59,6:13:18 AM,
Friday,22-May-59,1:55:48 PM,
Saturday,20-Jun-59,8:59:42 PM,
Monday,20-Jul-59,4:33:12 AM,
Tuesday,18-Aug-59,1:50:30 PM,
Thursday,17-Sep-59,1:51:36 AM,[/]
Friday,16-Oct-59,4:58:30 PM,
Sunday,15-Nov-59,10:41:48 AM,
Tuesday,15-Dec-59,5:48:48 AM,
Thursday,14-Jan-60,12:50:36 AM,
Friday,12-Feb-60,6:23:54 PM,
Sunday,13-Mar-60,9:25:48 AM,[**]
Monday,11-Apr-60,9:27:18 PM,
Wednesday,11-May-60,6:42:18 AM,
Thursday,9-Jun-60,2:01:48 PM,
Friday,8-Jul-60,8:36:36 PM,
Sunday,7-Aug-60,3:40:54 AM,
Monday,5-Sep-60,12:18:42 PM,[**]
Tuesday,4-Oct-60,11:16:06 PM,
Thursday,3-Nov-60,12:57:36 PM,
Saturday,3-Dec-60,5:24:24 AM,
Monday,2-Jan-61,12:05:54 AM,
Tuesday,31-Jan-61,7:46:42 PM,
Thursday,2-Mar-61,2:34:36 PM,[*]
Saturday,1-Apr-61,6:47:06 AM,
Sunday,30-Apr-61,7:40:30 PM,[+]
Tuesday,30-May-61,5:37:00 AM,
Wednesday,28-Jun-61,1:37:30 PM,
Thursday,27-Jul-61,8:50:06 PM,
Saturday,26-Aug-61,4:13:18 AM,[*]
Sunday,24-Sep-61,12:33:24 PM,
Monday,23-Oct-61,10:30:30 PM,
Wednesday,22-Nov-61,10:43:42 AM,
Friday,22-Dec-61,1:41:48 AM,
Saturday,20-Jan-62,7:16:18 PM,
Monday,19-Feb-62,2:17:54 PM,[/]
Wednesday,21-Mar-62,8:55:24 AM,
Friday,20-Apr-62,1:33:18 AM,
Saturday,19-May-62,3:31:48 PM,
Monday,18-Jun-62,3:02:12 AM,
Tuesday,17-Jul-62,12:40:30 PM,[/]
Wednesday,15-Aug-62,9:09:12 PM,[/]
Friday,14-Sep-62,5:11:18 AM,
Saturday,13-Oct-62,1:32:54 PM,
Sunday,11-Nov-62,11:03:24 PM,
Tuesday,11-Dec-62,10:27:24 AM,
Thursday,10-Jan-63,12:08:06 AM,[/]
Friday,8-Feb-63,3:51:36 PM,
Sunday,10-Mar-63,8:48:36 AM,
Tuesday,9-Apr-63,1:56:42 AM,
Wednesday,8-May-63,6:23:12 PM,
Friday,7-Jun-63,9:30:36 AM,
Saturday,6-Jul-63,10:55:24 PM,[*]
Monday,5-Aug-63,10:30:48 AM,
Tuesday,3-Sep-63,8:33:30 PM,
Thursday,3-Oct-63,5:43:54 AM,
Friday,1-Nov-63,2:55:12 PM,
Sunday,1-Dec-63,12:54:00 AM,
Monday,30-Dec-63,12:03:48 PM,[**][+]
Wednesday,29-Jan-64,12:22:42 AM,
Thursday,27-Feb-64,1:39:12 PM,
Saturday,28-Mar-64,3:48:18 AM,
Sunday,26-Apr-64,6:49:30 PM,
Tuesday,26-May-64,10:28:48 AM,
Thursday,25-Jun-64,2:08:00 AM,[**]
Friday,24-Jul-64,4:57:48 PM,
Sunday,23-Aug-64,6:24:54 AM,
Monday,21-Sep-64,6:30:42 PM,
Wednesday,21-Oct-64,5:45:00 AM,
Thursday,19-Nov-64,4:42:42 PM,
Saturday,19-Dec-64,3:41:12 AM,[**]
Sunday,17-Jan-65,2:37:18 PM,
Tuesday,16-Feb-65,1:26:36 AM,
Wednesday,17-Mar-65,12:23:48 PM,
Friday,16-Apr-65,12:02:06 AM,
Saturday,15-May-65,12:51:54 PM,
Monday,14-Jun-65,2:59:18 AM,[*]
Tuesday,13-Jul-65,6:01:24 PM,
Thursday,12-Aug-65,9:22:06 AM,
Saturday,11-Sep-65,12:31:54 AM,
Sunday,10-Oct-65,3:13:36 PM,
Tuesday,9-Nov-65,5:15:12 AM,
Wednesday,8-Dec-65,6:21:06 PM,[/]
Friday,7-Jan-66,6:16:06 AM,
Saturday,5-Feb-66,4:57:54 PM,
Monday,7-Mar-66,2:45:12 AM,
Tuesday,5-Apr-66,12:13:06 PM,
Wednesday,4-May-66,10:00:30 PM,[/]
Friday,3-Jun-66,8:40:12 AM,
Saturday,2-Jul-66,8:36:18 PM,
Monday,1-Aug-66,10:05:12 AM,
Wednesday,31-Aug-66,1:13:36 AM,[+]
Thursday,29-Sep-66,5:47:18 PM,
Saturday,29-Oct-66,11:00:00 AM,[/]
Monday,28-Nov-66,3:40:24 AM,
Tuesday,27-Dec-66,6:43:06 PM,
Thursday,26-Jan-67,7:40:24 AM,
Friday,24-Feb-67,6:43:18 PM,
Sunday,26-Mar-67,4:20:48 AM,
Monday,24-Apr-67,1:03:24 PM,[**]
Tuesday,23-May-67,9:22:18 PM,
Thursday,22-Jun-67,5:56:48 AM,
Friday,21-Jul-67,3:39:06 PM,
Sunday,20-Aug-67,3:26:42 AM,
Monday,18-Sep-67,5:59:24 PM,
Wednesday,18-Oct-67,11:10:48 AM,[**]
Friday,17-Nov-67,5:52:30 AM,
Sunday,17-Dec-67,12:21:18 AM,
Monday,15-Jan-68,5:11:12 PM,
Wednesday,14-Feb-68,7:42:54 AM,
Thursday,14-Mar-68,7:52:18 PM,
Saturday,13-Apr-68,5:51:42 AM,[**]
Sunday,12-May-68,2:04:48 PM,
Monday,10-Jun-68,9:13:00 PM,
Wednesday,10-Jul-68,4:17:36 AM,
Thursday,8-Aug-68,12:32:18 PM,
Friday,6-Sep-68,11:07:12 PM,
Sunday,6-Oct-68,12:46:06 PM,[**]
Tuesday,5-Nov-68,5:24:36 AM,
Thursday,5-Dec-68,12:07:18 AM,
Friday,3-Jan-69,7:27:36 PM,
Sunday,2-Feb-69,1:55:48 PM,
Tuesday,4-Mar-69,6:17:00 AM,
Wednesday,2-Apr-69,7:44:54 PM,[/]
Friday,2-May-69,6:13:24 AM,
Saturday,31-May-69,2:18:12 PM,[+]
Sunday,29-Jun-69,9:03:42 PM,
Tuesday,29-Jul-69,3:45:00 AM,
Wednesday,27-Aug-69,11:32:24 AM,[/]
Thursday,25-Sep-69,9:20:48 PM,[/]
Saturday,25-Oct-69,9:44:12 AM,
Monday,24-Nov-69,12:53:42 AM,
Tuesday,23-Dec-69,6:34:54 PM,
Thursday,22-Jan-70,1:55:18 PM,
Saturday,21-Feb-70,9:18:42 AM,[*]
Monday,23-Mar-70,2:52:24 AM,
Tuesday,21-Apr-70,5:21:18 PM,
Thursday,21-May-70,4:37:36 AM,
Friday,19-Jun-70,1:27:24 PM,
Saturday,18-Jul-70,8:58:30 PM,
Monday,17-Aug-70,4:15:18 AM,[*]
Tuesday,15-Sep-70,12:09:24 PM,
Wednesday,14-Oct-70,9:21:12 PM,
Friday,13-Nov-70,8:27:54 AM,
Saturday,12-Dec-70,10:03:18 PM,
Monday,11-Jan-71,2:20:18 PM,
Wednesday,10-Feb-71,8:41:24 AM,[**]
Friday,12-Mar-71,3:33:36 AM,
Saturday,10-Apr-71,9:10:00 PM,
Monday,10-May-71,12:23:30 PM,
Wednesday,9-Jun-71,1:03:36 AM,
Thursday,8-Jul-71,11:36:36 AM,
Friday,6-Aug-71,8:42:18 PM,[**]
Sunday,5-Sep-71,5:02:24 AM,
Monday,4-Oct-71,1:19:30 PM,
Tuesday,2-Nov-71,10:19:24 PM,
Thursday,2-Dec-71,8:48:06 AM,
Friday,31-Dec-71,9:19:30 PM,[+]
Sunday,30-Jan-72,11:58:12 AM,[**]
Tuesday,29-Feb-72,4:11:54 AM,
Wednesday,29-Mar-72,9:05:30 PM,
Friday,28-Apr-72,1:44:30 PM,
Sunday,28-May-72,5:27:36 AM,
Monday,26-Jun-72,7:46:12 PM,
Wednesday,26-Jul-72,8:23:30 AM,[*]
Thursday,24-Aug-72,7:21:42 PM,
Saturday,23-Sep-72,5:06:42 AM,
Sunday,22-Oct-72,2:25:00 PM,
Tuesday,21-Nov-72,12:06:30 AM,
Wednesday,20-Dec-72,10:45:06 AM,
Thursday,18-Jan-73,10:28:24 PM,[/]
Saturday,17-Feb-73,11:07:00 AM,
Monday,19-Mar-73,12:33:24 AM,
Tuesday,17-Apr-73,2:50:30 PM,
Thursday,17-May-73,5:58:00 AM,
Friday,15-Jun-73,9:34:36 PM,[/]
Sunday,15-Jul-73,12:55:54 PM,[/]
Tuesday,14-Aug-73,3:16:30 AM,
Wednesday,12-Sep-73,4:16:18 PM,
Friday,12-Oct-73,4:09:00 AM,
Saturday,10-Nov-73,3:26:42 PM,
Monday,10-Dec-73,2:34:36 AM,[*]
Tuesday,8-Jan-74,1:36:18 PM,
Thursday,7-Feb-74,12:24:12 AM,
Friday,8-Mar-74,11:02:54 AM,
Saturday,6-Apr-74,10:00:18 PM,
Monday,6-May-74,9:54:30 AM,
Tuesday,4-Jun-74,11:09:36 PM,[*]
Thursday,4-Jul-74,1:40:18 PM,
Saturday,3-Aug-74,4:57:00 AM,
Sunday,1-Sep-74,8:24:48 PM,
Tuesday,1-Oct-74,11:37:54 AM,
Thursday,31-Oct-74,2:19:00 AM,
Friday,29-Nov-74,4:10:06 PM,[**]
Sunday,29-Dec-74,4:50:48 AM,
Monday,27-Jan-75,4:09:24 PM,
Wednesday,26-Feb-75,2:14:30 AM,
Thursday,27-Mar-75,11:36:00 AM,
Friday,25-Apr-75,8:54:54 PM,
Sunday,25-May-75,6:50:36 AM,[**]
Monday,23-Jun-75,5:54:12 PM,
Wednesday,23-Jul-75,6:28:24 AM,
Thursday,21-Aug-75,8:47:36 PM,
Saturday,20-Sep-75,12:50:24 PM,
Monday,20-Oct-75,6:05:42 AM,
Tuesday,18-Nov-75,11:28:12 PM,[**]
Thursday,18-Dec-75,3:39:30 PM,
Saturday,17-Jan-76,5:46:54 AM,
Sunday,15-Feb-76,5:43:18 PM,
Tuesday,16-Mar-76,3:52:42 AM,
Wednesday,14-Apr-76,12:48:42 PM,
Thursday,13-May-76,9:04:00 PM,[*]
Saturday,12-Jun-76,5:15:00 AM,
Sunday,11-Jul-76,2:08:54 PM,
Tuesday,10-Aug-76,12:43:30 AM,
Wednesday,8-Sep-76,1:52:00 PM,
Friday,8-Oct-76,5:55:24 AM,
Sunday,7-Nov-76,12:14:36 AM,[/]
Monday,6-Dec-76,7:14:30 PM,
Wednesday,5-Jan-77,1:10:24 PM,
Friday,4-Feb-77,4:56:12 AM,
Saturday,5-Mar-77,6:13:12 PM,
Monday,4-Apr-77,5:08:54 AM,[*]
Tuesday,3-May-77,2:03:24 PM,
Wednesday,1-Jun-77,9:30:54 PM,
Friday,1-Jul-77,4:24:00 AM,
Saturday,30-Jul-77,11:52:12 AM,[+]
Sunday,28-Aug-77,9:10:00 PM,
Tuesday,27-Sep-77,9:17:24 AM,[/]
Thursday,27-Oct-77,12:35:24 AM,
Friday,25-Nov-77,6:31:24 PM,
Sunday,25-Dec-77,1:49:00 PM,
Tuesday,24-Jan-78,8:55:30 AM,
Thursday,23-Feb-78,2:26:18 AM,
Friday,24-Mar-78,5:20:00 PM,[**]
Sunday,23-Apr-78,5:11:00 AM,
Monday,22-May-78,2:16:42 PM,
Tuesday,20-Jun-78,9:30:30 PM,
Thursday,20-Jul-78,4:04:48 AM,
Friday,18-Aug-78,11:14:00 AM,
Saturday,16-Sep-78,8:01:06 PM,[**]
Monday,16-Oct-78,7:09:30 AM,
Tuesday,14-Nov-78,9:00:06 PM,
Thursday,14-Dec-78,1:30:36 PM,
Saturday,13-Jan-79,8:08:36 AM,
Monday,12-Feb-79,3:39:24 AM,
Tuesday,13-Mar-79,10:14:18 PM,[*]
Thursday,12-Apr-79,2:15:00 PM,
Saturday,12-May-79,3:00:54 AM,
Sunday,10-Jun-79,12:55:18 PM,
Monday,9-Jul-79,8:59:18 PM,
Wednesday,8-Aug-79,4:21:06 AM,
Thursday,6-Sep-79,11:58:36 AM,[**]
Friday,5-Oct-79,8:35:18 PM,
Sunday,4-Nov-79,6:47:06 AM,
Monday,3-Dec-79,7:07:42 PM,
Wednesday,2-Jan-80,10:02:06 AM,
Friday,1-Feb-80,3:21:12 AM,
Saturday,1-Mar-80,9:59:42 PM,[/]
Monday,31-Mar-80,4:13:54 PM,[+]
Wednesday,30-Apr-80,9:35:18 AM,
Thursday,29-May-80,11:27:36 PM,
Saturday,28-Jun-80,11:02:06 AM,
Sunday,27-Jul-80,8:53:36 PM,[/]
Tuesday,26-Aug-80,5:42:12 AM,[/]
Wednesday,24-Sep-80,2:07:42 PM,
Thursday,23-Oct-80,9:51:54 PM,
Saturday,22-Nov-80,7:38:54 AM,
Sunday,21-Dec-80,7:08:00 PM,
Tuesday,20-Jan-81,8:39:00 AM,[/]
Wednesday,18-Feb-81,11:58:12 PM,
Friday,20-Mar-81,4:22:30 PM,
Sunday,19-Apr-81,9:58:54 AM,
Tuesday,19-May-81,2:03:36 AM,
Wednesday,17-Jun-81,5:04:30 PM,
Friday,17-Jul-81,6:38:48 AM,[*]
Saturday,15-Aug-81,6:36:36 PM,
Monday,14-Sep-81,5:08:42 AM,
Tuesday,13-Oct-81,1:49:24 PM,
Wednesday,11-Nov-81,11:26:30 PM,
Friday,11-Dec-81,9:41:24 AM,
Saturday,9-Jan-82,8:52:48 PM,[**]
Monday,8-Feb-82,8:57:06 AM,
Tuesday,9-Mar-82,9:45:06 PM,
Thursday,8-Apr-82,12:18:18 PM,
Saturday,8-May-82,2:44:42 AM,
Sunday,6-Jun-82,5:59:24 PM,
Tuesday,6-Jul-82,9:31:36 AM,[**]
Thursday,5-Aug-82,12:33:48 AM,
Friday,3-Sep-82,2:28:12 PM,
Sunday,3-Oct-82,2:08:30 AM,
Monday,1-Nov-82,1:56:42 PM,
Wednesday,1-Dec-82,1:20:42 AM,
Thursday,30-Dec-82,12:32:36 PM,[**][+]
Friday,28-Jan-83,11:26:18 PM,
Sunday,27-Feb-83,9:58:06 AM,
Monday,28-Mar-83,9:26:42 PM,
Wednesday,27-Apr-83,8:30:42 AM,
Thursday,26-May-83,8:47:42 PM,
Saturday,25-Jun-83,10:31:48 AM,[*]
Monday,25-Jul-83,1:26:54 AM,
Tuesday,23-Aug-83,4:59:18 PM,
Thursday,22-Sep-83,8:36:12 AM,
Friday,21-Oct-83,10:53:18 PM,
Sunday,20-Nov-83,1:29:24 PM,
Tuesday,20-Dec-83,3:00:18 AM,[/]
Wednesday,18-Jan-84,3:05:12 PM,
Friday,17-Feb-84,1:41:06 AM,
Saturday,17-Mar-84,11:09:42 AM,
Sunday,15-Apr-84,9:10:48 PM,
Tuesday,15-May-84,6:28:36 AM,[/]
Wednesday,13-Jun-84,4:41:48 PM,[/]
Friday,13-Jul-84,4:19:42 AM,
Saturday,11-Aug-84,5:43:12 PM,
Monday,10-Sep-84,9:01:00 AM,
Wednesday,10-Oct-84,12:58:06 AM,
Thursday,8-Nov-84,6:42:36 PM,[/]
Saturday,8-Dec-84,11:53:24 AM,
Monday,7-Jan-85,3:16:06 AM,
Tuesday,5-Feb-85,4:18:48 PM,
Thursday,7-Mar-85,3:13:06 AM,
Friday,5-Apr-85,1:32:24 PM,
Saturday,4-May-85,9:52:48 PM,[**]
Monday,3-Jun-85,5:50:24 AM,
Tuesday,2-Jul-85,2:08:18 PM,
Wednesday,31-Jul-85,11:40:54 PM,[+]
Friday,30-Aug-85,11:27:12 AM,
Sunday,29-Sep-85,2:08:30 AM,
Monday,28-Oct-85,6:37:30 PM,[**]
Wednesday,27-Nov-85,1:41:42 PM,
Friday,27-Dec-85,8:30:18 AM,
Sunday,26-Jan-86,1:31:00 AM,
Monday,24-Feb-86,4:02:12 PM,
Wednesday,26-Mar-86,4:01:48 AM,
Thursday,24-Apr-86,2:46:24 PM,[**]
Friday,23-May-86,10:44:42 PM,
Sunday,22-Jun-86,5:41:48 AM,
Monday,21-Jul-86,12:40:12 PM,
Tuesday,19-Aug-86,8:54:12 PM,
Thursday,18-Sep-86,7:33:42 AM,
Friday,17-Oct-86,8:21:36 PM,[**]
Sunday,16-Nov-86,1:11:36 PM,
Tuesday,16-Dec-86,8:04:24 AM,
Thursday,15-Jan-87,3:30:24 AM,
Friday,13-Feb-87,9:57:54 PM,
Sunday,15-Mar-87,2:12:42 PM,
Tuesday,14-Apr-87,4:31:00 AM,[/]
Wednesday,13-May-87,2:50:12 PM,
Thursday,11-Jun-87,10:48:48 PM,
Saturday,11-Jul-87,5:32:36 AM,
Sunday,9-Aug-87,12:17:18 PM,
Monday,7-Sep-87,8:12:54 PM,
Wednesday,7-Oct-87,5:12:18 AM,[/]
Thursday,5-Nov-87,5:45:54 PM,
Saturday,5-Dec-87,9:01:00 AM,
Monday,4-Jan-88,2:40:24 AM,
Tuesday,2-Feb-88,9:51:30 PM,
Thursday,3-Mar-88,5:01:06 PM,[/]
Saturday,2-Apr-88,11:21:18 AM,
Monday,2-May-88,1:40:48 AM,
Tuesday,31-May-88,12:53:30 PM,[+]
Wednesday,29-Jun-88,9:45:48 PM,
Friday,29-Jul-88,5:25:12 AM,
Saturday,27-Aug-88,12:55:48 PM,[*]
Sunday,25-Sep-88,8:07:06 PM,
Tuesday,25-Oct-88,5:35:30 AM,
Wednesday,23-Nov-88,4:53:06 PM,
Friday,23-Dec-88,6:28:54 AM,
Saturday,21-Jan-89,10:33:30 PM,
Monday,20-Feb-89,4:31:54 PM,[**]
Wednesday,22-Mar-89,10:57:54 AM,
Friday,21-Apr-89,5:13:18 AM,
Saturday,20-May-89,8:16:18 PM,
Monday,19-Jun-89,8:57:18 AM,
Tuesday,18-Jul-89,7:41:36 PM,
Thursday,17-Aug-89,5:06:36 AM,[**]
Friday,15-Sep-89,1:50:36 PM,
Saturday,14-Oct-89,9:31:54 PM,
Monday,13-Nov-89,6:51:24 AM,
Tuesday,12-Dec-89,5:29:54 PM,
Thursday,11-Jan-90,5:56:48 AM,
Friday,9-Feb-90,8:15:42 PM,[**]
Sunday,11-Mar-90,11:58:30 AM,
Tuesday,10-Apr-90,5:18:30 AM,
Wednesday,9-May-90,9:30:48 PM,
Friday,8-Jun-90,1:01:06 PM,
Sunday,8-Jul-90,3:23:30 AM,
Monday,6-Aug-90,4:19:24 PM,[*]
Wednesday,5-Sep-90,3:45:36 AM,
Thursday,4-Oct-90,1:01:48 PM,
Friday,2-Nov-90,10:48:18 PM,
Sunday,2-Dec-90,8:49:42 AM,
Monday,31-Dec-90,7:35:12 PM,[+]
Wednesday,30-Jan-91,7:09:42 AM,[/]
Thursday,28-Feb-91,7:24:36 PM,
Saturday,30-Mar-91,8:17:24 AM,
Sunday,28-Apr-91,10:58:30 PM,
Tuesday,28-May-91,1:36:36 PM,
Thursday,27-Jun-91,4:58:24 AM,[/]
Friday,26-Jul-91,8:24:24 PM,[/]
Sunday,25-Aug-91,11:07:12 AM,
Wednesday,25-Sep-91,12:40:00 AM,
Wednesday,23-Oct-91,12:08:12 PM,
Thursday,21-Nov-91,11:56:18 PM,
Saturday,21-Dec-91,11:23:12 AM,[*]
Sunday,19-Jan-92,10:28:30 PM,
Tuesday,18-Feb-92,9:04:06 AM,
Wednesday,18-Mar-92,7:17:48 PM,
Friday,17-Apr-92,6:42:30 AM,
Saturday,16-May-92,6:02:36 PM,
Monday,15-Jun-92,6:49:42 AM,[*]
Tuesday,14-Jul-92,9:06:18 PM,
Thursday,13-Aug-92,12:27:12 PM,
Saturday,12-Sep-92,4:16:36 AM,
Sunday,11-Oct-92,7:03:00 PM,
Tuesday,10-Nov-92,10:20:06 AM,
Thursday,10-Dec-92,12:40:42 AM,[**]
Friday,8-Jan-93,1:37:12 PM,
Sunday,7-Feb-93,12:55:24 AM,
Monday,8-Mar-93,10:45:54 AM,
Tuesday,6-Apr-93,8:43:18 PM,
Thursday,6-May-93,5:33:42 AM,
Friday,4-Jun-93,3:02:12 PM,[**]
Sunday,4-Jul-93,1:45:06 AM,
Monday,2-Aug-93,2:09:36 PM,
Wednesday,1-Sep-93,4:32:54 AM,
Thursday,30-Sep-93,7:53:48 PM,[+]
Saturday,30-Oct-93,1:37:36 PM,
Monday,29-Nov-93,7:30:48 AM,[**]
Wednesday,29-Dec-93,12:05:24 AM,
Thursday,27-Jan-94,2:22:48 PM,
Saturday,26-Feb-94,2:15:00 AM,
Sunday,27-Mar-94,1:09:30 PM,
Monday,25-Apr-94,9:45:00 PM,
Wednesday,25-May-94,5:39:24 AM,[*]
Thursday,23-Jun-94,1:33:06 PM,
Friday,22-Jul-94,10:15:54 PM,
Sunday,21-Aug-94,8:46:54 AM,
Monday,19-Sep-94,10:00:30 PM,
Wednesday,19-Oct-94,1:17:48 PM,
Friday,18-Nov-94,7:57:00 AM,[/]
Sunday,18-Dec-94,3:17:06 AM,
Monday,16-Jan-95,9:26:18 PM,
Wednesday,15-Feb-95,1:15:24 PM,
Friday,17-Mar-95,2:25:36 AM,
Saturday,15-Apr-95,2:08:12 PM,[*]
Sunday,14-May-95,10:48:06 PM,
Tuesday,13-Jun-95,6:03:30 AM,
Wednesday,12-Jul-95,12:49:18 PM,
Thursday,10-Aug-95,8:15:30 PM,
Saturday,9-Sep-95,5:36:36 AM,
Sunday,8-Oct-95,4:51:48 PM,[/]
Tuesday,7-Nov-95,8:20:30 AM,
Thursday,7-Dec-95,2:26:54 AM,
Friday,5-Jan-96,9:50:54 PM,
Sunday,4-Feb-96,4:57:36 PM,
Tuesday,5-Mar-96,10:22:42 AM,
Thursday,4-Apr-96,2:06:54 AM,[**]
Friday,3-May-96,1:48:12 PM,
Saturday,1-Jun-96,10:46:54 PM,
Monday,1-Jul-96,5:58:06 AM,
Tuesday,30-Jul-96,12:35:12 PM,[+]
Wednesday,28-Aug-96,7:52:12 PM,
Friday,27-Sep-96,4:50:48 AM,[**]
Saturday,26-Oct-96,4:11:12 PM,
Monday,25-Nov-96,5:09:54 AM,
Tuesday,24-Dec-96,9:41:00 PM,
Thursday,23-Jan-97,4:10:42 PM,
Saturday,22-Feb-97,11:26:42 AM,
Monday,24-Mar-97,5:45:12 AM,[*]
Tuesday,22-Apr-97,10:33:30 PM,
Thursday,22-May-97,11:13:24 AM,
Friday,20-Jun-97,9:08:48 PM,
Sunday,20-Jul-97,5:20:18 AM,
Monday,18-Aug-97,12:55:24 PM,
Tuesday,16-Sep-97,8:50:30 PM,[**]
Thursday,16-Oct-97,5:45:42 AM,
Friday,14-Nov-97,3:11:36 PM,
Sunday,14-Dec-97,3:37:06 AM,
Monday,12-Jan-98,6:23:42 PM,
Wednesday,11-Feb-98,11:22:36 AM,
Friday,13-Mar-98,5:34:12 AM,[/]
Sunday,12-Apr-98,12:23:30 AM,
Monday,11-May-98,4:29:24 PM,
Wednesday,10-Jun-98,6:18:18 AM,
Thursday,9-Jul-98,6:00:54 PM,
Saturday,8-Aug-98,4:09:36 AM,[/]
Sunday,6-Sep-98,1:21:24 PM,[/]
Monday,5-Oct-98,10:11:54 PM,
Wednesday,4-Nov-98,6:18:12 AM,
Thursday,3-Dec-98,4:19:12 PM,
Saturday,2-Jan-99,3:49:30 AM,
Sunday,31-Jan-99,5:06:30 PM,[/]
Tuesday,2-Mar-99,7:58:30 AM,
Thursday,1-Apr-99,12:48:54 AM,
Friday,30-Apr-99,4:54:36 PM,[+]
Sunday,30-May-99,8:39:54 AM,
Monday,28-Jun-99,11:37:30 PM,
Wednesday,28-Jul-99,1:24:48 PM,[*]
Friday,27-Aug-99,1:47:48 AM,
Saturday,25-Sep-99,12:51:06 PM,
Sunday,24-Oct-99,11:02:24 PM,
Tuesday,23-Nov-99,8:03:42 AM,
Wednesday,22-Dec-99,6:31:18 PM,
Friday,21-Jan-00,5:40:24 AM,[**]
Saturday,19-Feb-00,5:26:42 PM,
Monday,20-Mar-00,5:44:24 AM,
Tuesday,18-Apr-00,7:41:30 PM,
Thursday,18-May-00,9:34:24 AM,
Saturday,17-Jun-00,12:27:00 AM,
Sunday,16-Jul-00,3:55:12 PM,[**]
Tuesday,15-Aug-00,7:12:36 AM,
Wednesday,13-Sep-00,9:36:48 PM,
Friday,13-Oct-00,10:53:00 AM,
Saturday,11-Nov-00,10:14:36 PM,
Monday,11-Dec-00,10:02:48 AM,
Tuesday,9-Jan-01,9:24:24 PM,[**]
Thursday,8-Feb-01,8:11:42 AM,
Friday,9-Mar-01,6:23:06 PM,
Sunday,8-Apr-01,5:21:54 AM,
Monday,7-May-01,3:52:30 PM,
Wednesday,6-Jun-01,3:39:18 AM,
Thursday,5-Jul-01,5:03:48 PM,[*]
Saturday,4-Aug-01,7:55:42 AM,
Sunday,2-Sep-01,11:43:00 PM,
Tuesday,2-Oct-01,3:48:48 PM,
Thursday,1-Nov-01,6:41:00 AM,
Friday,30-Nov-01,9:49:00 PM,[+]
Sunday,30-Dec-01,11:40:30 AM,[/]
Monday,28-Jan-02,11:50:30 PM,
Wednesday,27-Feb-02,10:16:42 AM,
Thursday,28-Mar-02,7:24:54 PM,
Saturday,27-Apr-02,5:59:54 AM,
Sunday,26-May-02,1:51:12 PM,[/]
Monday,24-Jun-02,11:42:24 PM,[/]
Wednesday,24-Jul-02,11:07:00 AM,
Saturday,24-Aug-02,12:29:12 AM,
Saturday,21-Sep-02,3:59:12 PM,
Monday,21-Oct-02,9:20:00 AM,
Wednesday,20-Nov-02,2:33:42 AM,[/]
Thursday,19-Dec-02,8:10:12 PM,
Saturday,18-Jan-03,11:47:36 AM,
Monday,17-Feb-03,12:51:06 AM,
Tuesday,18-Mar-03,11:34:30 AM,
Wednesday,16-Apr-03,9:35:42 PM,
Friday,16-May-03,5:35:54 AM,[**]
Saturday,14-Jun-03,1:15:54 PM,
Sunday,13-Jul-03,9:21:24 PM,
Tuesday,12-Aug-03,6:48:12 AM,
Wednesday,10-Sep-03,6:36:12 PM,
Friday,10-Oct-03,9:27:24 AM,
Sunday,9-Nov-03,2:13:18 AM,[**]
Monday,8-Dec-03,9:36:42 PM,
Wednesday,7-Jan-04,4:40:06 PM,
Friday,6-Feb-04,9:46:54 AM,
Sunday,7-Mar-04,12:14:12 AM,
Monday,5-Apr-04,1:02:42 PM,
Tuesday,4-May-04,10:33:24 PM,[**]
Thursday,3-Jun-04,6:19:36 AM,
Friday,2-Jul-04,1:08:54 PM,
Saturday,31-Jul-04,8:05:06 PM,[+]
Monday,30-Aug-04,4:22:12 AM,
Tuesday,28-Sep-04,3:09:18 PM,
Thursday,28-Oct-04,5:07:24 AM,[**]
Friday,26-Nov-04,9:07:12 PM,
Sunday,26-Dec-04,4:06:18 PM,
Tuesday,25-Jan-05,11:32:18 AM,
Thursday,24-Feb-05,5:53:42 AM,
Friday,25-Mar-05,9:58:30 PM,
Sunday,24-Apr-05,12:06:30 PM,[/]
Monday,23-May-05,10:18:12 PM,
Wednesday,22-Jun-05,6:13:48 AM,
Thursday,21-Jul-05,1:00:12 PM,
Friday,19-Aug-05,7:53:00 PM,
Sunday,18-Sep-05,4:00:48 AM,
Monday,17-Oct-05,2:13:36 PM,[*]
Wednesday,16-Nov-05,1:57:30 AM,
Thursday,15-Dec-05,5:15:30 PM,
Saturday,14-Jan-06,10:48:06 AM,
Monday,13-Feb-06,5:44:12 AM,
Wednesday,15-Mar-06,12:35:24 AM,[/]
Thursday,13-Apr-06,6:40:06 PM,
Saturday,13-May-06,8:51:06 AM,
Sunday,11-Jun-06,8:03:06 PM,
Tuesday,11-Jul-06,5:01:54 AM,
Wednesday,9-Aug-06,12:54:00 PM,
Thursday,7-Sep-06,8:42:00 PM,[*]
Saturday,7-Oct-06,5:12:48 AM,
Sunday,5-Nov-06,1:58:18 PM,
Tuesday,5-Dec-06,1:24:48 AM,
Wednesday,3-Jan-07,2:57:24 PM,
Friday,2-Feb-07,6:45:18 AM,
Sunday,4-Mar-07,12:17:06 AM,[**]
Monday,2-Apr-07,7:15:00 PM,
Wednesday,2-May-07,12:09:24 PM,
Friday,1-Jun-07,3:03:36 AM,
Saturday,30-Jun-07,3:48:42 PM,[+]
Monday,30-Jul-07,2:47:42 AM,
Tuesday,28-Aug-07,12:35:06 PM,[**]
Wednesday,26-Sep-07,9:45:06 PM,
Friday,26-Oct-07,6:51:30 AM,
Saturday,24-Nov-07,3:29:48 PM,
Monday,24-Dec-07,2:15:36 AM,
Tuesday,22-Jan-08,2:34:42 PM,
Thursday,21-Feb-08,4:30:30 AM,[**]
Friday,21-Mar-08,7:39:54 PM,
Sunday,20-Apr-08,12:25:24 PM,
Tuesday,20-May-08,4:11:24 AM,
Wednesday,18-Jun-08,7:30:24 PM,
Friday,18-Jul-08,9:59:00 AM,
Saturday,16-Aug-08,11:16:24 PM,[*]
Monday,15-Sep-08,11:13:24 AM,
Tuesday,14-Oct-08,10:02:24 PM,
Thursday,13-Nov-08,7:17:18 AM,
Friday,12-Dec-08,5:37:06 PM,
Sunday,11-Jan-09,4:26:36 AM,
Monday,9-Feb-09,3:49:00 PM,[/]
Wednesday,11-Mar-09,3:37:36 AM,
Thursday,9-Apr-09,4:55:42 PM,
Saturday,9-May-09,6:01:18 AM,
Sunday,7-Jun-09,8:11:36 PM,
Tuesday,7-Jul-09,11:21:18 AM,[/]
Thursday,6-Aug-09,2:54:42 AM,[/]
Friday,4-Sep-09,6:02:30 PM,
Sunday,4-Oct-09,8:10:00 AM,
Monday,2-Nov-09,8:13:48 PM,
Wednesday,2-Dec-09,8:30:18 AM,
Thursday,31-Dec-09,8:12:36 PM,[*][+]
Saturday,30-Jan-10,7:17:36 AM,
Sunday,28-Feb-10,5:37:54 PM,
Tuesday,30-Mar-10,4:25:24 AM,
Wednesday,28-Apr-10,2:18:30 PM,
Friday,28-May-10,1:07:18 AM,
Saturday,26-Jun-10,1:30:24 PM,[*]
Monday,26-Jul-10,3:36:36 AM,
Tuesday,24-Aug-10,7:04:36 PM,
Thursday,23-Sep-10,11:17:12 AM,
Saturday,23-Oct-10,3:36:30 AM,
Sunday,21-Nov-10,6:27:24 PM,
Tuesday,21-Dec-10,9:13:30 AM,[**]
Wednesday,19-Jan-11,10:21:24 PM,
Friday,18-Feb-11,9:35:42 AM,
Saturday,19-Mar-11,7:10:06 PM,
Monday,18-Apr-11,4:44:00 AM,
Tuesday,17-May-11,1:08:42 PM,
Wednesday,15-Jun-11,10:13:36 PM,[**]
Friday,15-Jul-11,8:39:36 AM,
Saturday,13-Aug-11,8:57:30 PM,
Monday,12-Sep-11,11:26:42 AM,
Wednesday,12-Oct-11,4:05:42 AM,
Thursday,10-Nov-11,9:16:06 PM,
Saturday,10-Dec-11,3:36:24 PM,[**]
Monday,9-Jan-12,8:30:06 AM,
Tuesday,7-Feb-12,10:53:48 PM,
Thursday,8-Mar-12,10:39:30 AM,
Friday,6-Apr-12,9:18:42 PM,
Sunday,6-May-12,5:35:06 AM,
Monday,4-Jun-12,1:11:36 PM,[*]
Tuesday,3-Jul-12,8:51:54 PM,
Thursday,2-Aug-12,5:27:30 AM,
Friday,31-Aug-12,3:58:06 PM,[+]
Sunday,30-Sep-12,5:18:36 AM,
Monday,29-Oct-12,8:49:30 PM,
Wednesday,28-Nov-12,3:46:00 PM,[/]
Friday,28-Dec-12,11:21:12 AM,
Sunday,27-Jan-13,5:38:24 AM,
Monday,25-Feb-13,9:26:06 PM,
Wednesday,27-Mar-13,10:27:18 AM,
Thursday,25-Apr-13,9:57:06 PM,[*]
Saturday,25-May-13,6:25:00 AM,[/]
Sunday,23-Jun-13,1:32:18 PM,
Monday,22-Jul-13,8:15:36 PM,
Wednesday,21-Aug-13,3:44:36 AM,
Thursday,19-Sep-13,1:12:54 PM,
Saturday,19-Oct-13,1:37:42 AM,[/]
Sunday,17-Nov-13,4:15:48 PM,
Tuesday,17-Dec-13,10:28:06 AM,
Thursday,16-Jan-14,5:52:12 AM,
Saturday,15-Feb-14,12:53:00 AM,
Sunday,16-Mar-14,6:08:24 PM,
Tuesday,15-Apr-14,9:42:18 AM,[**]
Wednesday,14-May-14,9:15:54 PM,
Friday,13-Jun-14,6:11:30 AM,
Saturday,12-Jul-14,1:24:54 PM,
Sunday,10-Aug-14,8:09:24 PM,
Tuesday,9-Sep-14,3:38:12 AM,
Wednesday,8-Oct-14,12:50:36 PM,[**]
Thursday,6-Nov-14,11:22:54 PM,
Saturday,6-Dec-14,1:26:48 PM,
Monday,5-Jan-15,5:53:15 AM,
Wednesday,4-Feb-15,12:08:55 AM,
Thursday,5-Mar-15,7:05:23 PM,
Saturday,4-Apr-15,2:05:34 PM,[**]
Monday,4-May-15,5:42:05 AM,
Tuesday,2-Jun-15,6:19:02 PM,
Thursday,2-Jul-15,4:19:35 AM,
Friday,31-Jul-15,12:42:54 PM,[+]
Saturday,29-Aug-15,8:35:12 PM,
Monday,28-Sep-15,4:50:31 AM,[**]
Tuesday,27-Oct-15,1:05:08 PM,
Wednesday,25-Nov-15,11:44:15 PM,
Friday,25-Dec-15,12:11:28 PM,
Sunday,24-Jan-16,2:45:48 AM,
Monday,22-Feb-16,7:19:54 PM,
Wednesday,23-Mar-16,1:00:54 PM,[/]
Friday,22-Apr-16,7:23:42 AM,
Saturday,21-May-16,11:14:30 PM,
Monday,20-Jun-16,1:02:24 PM,
Wednesday,20-Jul-16,12:56:36 AM,
Thursday,18-Aug-16,11:26:36 AM,
Friday,16-Sep-16,9:05:06 PM,[/]
Sunday,16-Oct-16,6:23:06 AM,
Monday,14-Nov-16,2:52:06 PM,
Wednesday,14-Dec-16,1:05:36 AM,
Thursday,12-Jan-17,12:33:58 PM,
Saturday,11-Feb-17,1:32:53 AM,[/]
Sunday,12-Mar-17,3:53:48 PM,
Tuesday,11-Apr-17,8:08:07 AM,
Wednesday,10-May-17,11:42:30 PM,
Friday,9-Jun-17,3:09:36 PM,
Sunday,9-Jul-17,6:06:34 AM,
Monday,7-Aug-17,8:10:37 PM,[*]
Wednesday,6-Sep-17,9:02:49 AM,
Thursday,5-Oct-17,8:40:08 PM,
Saturday,4-Nov-17,6:22:55 AM,
Sunday,3-Dec-17,4:46:59 PM,
Tuesday,2-Jan-18,3:24:05 AM,
Wednesday,31-Jan-18,2:26:44 PM,[**][+]
Friday,2-Mar-18,1:51:21 AM,
Saturday,31-Mar-18,2:36:52 PM,[+]
Monday,30-Apr-18,2:58:12 AM,
Tuesday,29-May-18,4:19:34 PM,
Thursday,28-Jun-18,6:52:58 AM,
Friday,27-Jul-18,10:20:21 PM,[**]
Sunday,26-Aug-18,1:56:11 PM,
Tuesday,25-Sep-18,4:52:25 AM,
Wednesday,24-Oct-18,6:45:12 PM,
Friday,23-Nov-18,6:39:12 AM,
Saturday,22-Dec-18,6:48:35 PM,
Monday,21-Jan-19,6:16:05 AM,[**]
Tuesday,19-Feb-19,4:53:35 PM,
Thursday,21-Mar-19,2:42:52 AM,
Friday,19-Apr-19,1:12:11 PM,
Saturday,18-May-19,11:11:21 PM,
Monday,17-Jun-19,10:30:40 AM,
Tuesday,16-Jul-19,11:38:13 PM,[*]
Thursday,15-Aug-19,2:29:15 PM,
Saturday,14-Sep-19,6:32:46 AM,
Sunday,13-Oct-19,11:07:52 PM,
Tuesday,12-Nov-19,2:34:24 PM,
Thursday,12-Dec-19,6:12:16 AM,
Friday,10-Jan-20,8:21:18 PM,[/]
Sunday,9-Feb-20,8:33:17 AM,
Monday,9-Mar-20,6:47:44 PM,
Wednesday,8-Apr-20,4:35:05 AM,
Thursday,7-May-20,12:45:13 PM,
Friday,5-Jun-20,9:12:23 PM,[/]
Sunday,5-Jul-20,6:44:25 AM,[/]
Monday,3-Aug-20,5:58:46 PM,
Wednesday,2-Sep-20,7:22:04 AM,
Thursday,1-Oct-20,11:05:15 PM,
Saturday,31-Oct-20,3:49:09 PM,[+]
Monday,30-Nov-20,10:29:41 AM,[/]
Wednesday,30-Dec-20,4:28:13 AM,
Thursday,28-Jan-21,8:16:13 PM,
Saturday,27-Feb-21,9:17:19 AM,
Sunday,28-Mar-21,8:48:10 PM,
Tuesday,27-Apr-21,5:31:32 AM,
Wednesday,26-May-21,1:13:52 PM,[**]
Thursday,24-Jun-21,8:39:41 PM,
Saturday,24-Jul-21,4:36:53 AM,
Sunday,22-Aug-21,2:01:57 PM,
Tuesday,21-Sep-21,1:54:41 AM,
Wednesday,20-Oct-21,4:56:40 PM,
Friday,19-Nov-21,9:57:27 AM,[*]
Sunday,19-Dec-21,5:35:30 AM,
Tuesday,18-Jan-22,12:48:30 AM,
Wednesday,16-Feb-22,5:56:30 PM,
Friday,18-Mar-22,8:17:36 AM,
Saturday,16-Apr-22,8:55:06 PM,
Monday,16-May-22,6:14:12 AM,[**]
Tuesday,14-Jun-22,1:51:48 PM,
Wednesday,13-Jul-22,8:37:42 PM,
Friday,12-Aug-22,3:35:48 AM,
Saturday,10-Sep-22,11:59:06 AM,
Sunday,9-Oct-22,10:55:00 PM,
Tuesday,8-Nov-22,12:02:12 PM,[**]
Thursday,8-Dec-22,5:08:12 AM,
Saturday,7-Jan-23,12:07:54 AM,
Sunday,5-Feb-23,7:28:36 PM,
Tuesday,7-Mar-23,1:40:24 PM,
Thursday,6-Apr-23,6:34:36 AM,
Friday,5-May-23,7:34:06 PM,[/]
Sunday,4-Jun-23,5:41:48 AM,
Monday,3-Jul-23,1:38:42 PM,
Tuesday,1-Aug-23,8:31:42 PM,
Thursday,31-Aug-23,3:35:42 AM,[+]
Friday,29-Sep-23,11:57:36 AM,
Saturday,28-Oct-23,10:24:06 PM,[*]
Monday,27-Nov-23,10:16:24 AM,
Wednesday,27-Dec-23,1:33:12 AM,
Thursday,25-Jan-24,6:54:00 PM,
Saturday,24-Feb-24,1:30:24 PM,
Monday,25-Mar-24,8:00:24 AM,[/]
Wednesday,24-Apr-24,1:49:00 AM,
Thursday,23-May-24,3:53:12 PM,
Saturday,22-Jun-24,3:07:54 AM,
Sunday,21-Jul-24,12:17:12 PM,
Monday,19-Aug-24,8:25:48 PM,
Wednesday,18-Sep-24,4:34:30 AM,[*]
Thursday,17-Oct-24,1:26:24 PM,
Friday,15-Nov-24,10:28:36 PM,
Sunday,15-Dec-24,10:01:42 AM,
Monday,13-Jan-25,11:26:54 PM,
Wednesday,12-Feb-25,2:53:24 PM,
Friday,14-Mar-25,7:54:42 AM,[**]
Sunday,13-Apr-25,2:22:18 AM,
Monday,12-May-25,6:56:00 PM,
Wednesday,11-Jun-25,9:43:54 AM,
Thursday,10-Jul-25,10:36:48 PM,
Saturday,9-Aug-25,9:55:06 AM,
Sunday,7-Sep-25,8:08:54 PM,[**]
Tuesday,7-Oct-25,5:47:42 AM,
Wednesday,5-Nov-25,2:19:18 PM,
Friday,5-Dec-25,12:14:06 AM,
Saturday,3-Jan-26,11:02:54 AM,
Sunday,1-Feb-26,11:09:18 PM,
Tuesday,3-Mar-26,12:37:54 PM,[**]
Thursday,2-Apr-26,4:12:00 AM,
Friday,1-May-26,7:23:12 PM,
Sunday,31-May-26,10:45:12 AM,[+]
Tuesday,30-Jun-26,1:56:42 AM,
Wednesday,29-Jul-26,4:35:42 PM,
Friday,28-Aug-26,6:18:36 AM,[*]
Saturday,26-Sep-26,6:49:06 PM,
Monday,26-Oct-26,5:11:54 AM,
Tuesday,24-Nov-26,3:53:36 PM,
Thursday,24-Dec-26,2:28:18 AM,
Friday,22-Jan-27,1:17:24 PM,
Sunday,21-Feb-27,12:23:42 AM,[/]
Monday,22-Mar-27,11:43:48 AM,
Wednesday,21-Apr-27,12:27:12 AM,
Thursday,20-May-27,12:59:06 PM,
Saturday,19-Jun-27,2:44:24 AM,
Sunday,18-Jul-27,5:45:00 PM,
Tuesday,17-Aug-27,9:28:42 AM,[/]
Thursday,16-Sep-27,1:03:36 AM,
Friday,15-Oct-27,3:47:06 PM,
Sunday,14-Nov-27,4:26:00 AM,
Monday,13-Dec-27,5:08:48 PM,
Wednesday,12-Jan-28,5:03:06 AM,[*]
Thursday,10-Feb-28,4:03:48 PM,
Saturday,11-Mar-28,2:06:06 AM,
Sunday,9-Apr-28,12:26:42 PM,
Monday,8-May-28,9:49:00 PM,
Wednesday,7-Jun-28,8:08:48 AM,
Thursday,6-Jul-28,8:10:48 PM,[*]
Saturday,5-Aug-28,10:09:54 AM,
Monday,4-Sep-28,1:47:36 AM,
Tuesday,3-Oct-28,6:25:00 PM,
Thursday,2-Nov-28,10:17:24 AM,
Saturday,2-Dec-28,2:40:18 AM,
Sunday,31-Dec-28,5:48:36 PM,[**]
Tuesday,30-Jan-29,7:03:42 AM,
Wednesday,28-Feb-29,6:10:18 PM,
Friday,30-Mar-29,4:26:30 AM,
Saturday,28-Apr-29,12:36:48 PM,
Sunday,27-May-29,8:37:30 PM,
Tuesday,26-Jun-29,5:22:24 AM,[**]
Wednesday,25-Jul-29,3:35:48 PM,
Friday,24-Aug-29,3:51:18 AM,
Saturday,22-Sep-29,6:29:18 PM,
Monday,22-Oct-29,11:27:36 AM,
Wednesday,21-Nov-29,5:03:00 AM,
Thursday,20-Dec-29,11:46:30 PM,[**]
Saturday,19-Jan-30,4:54:24 PM,
Monday,18-Feb-30,7:19:48 AM,
Tuesday,19-Mar-30,6:56:30 PM,
Thursday,18-Apr-30,5:20:06 AM,
Friday,17-May-30,1:19:12 PM,
Saturday,15-Jun-30,8:41:00 PM,[*]
Monday,15-Jul-30,4:12:00 AM,
Tuesday,13-Aug-30,12:44:24 PM,
Wednesday,11-Sep-30,11:18:00 PM,
Friday,11-Oct-30,12:46:54 PM,
Sunday,10-Nov-30,4:30:18 AM,
Monday,9-Dec-30,11:40:30 PM,[/]
Wednesday,8-Jan-31,7:25:54 PM,
Friday,7-Feb-31,1:46:12 PM,
Sunday,9-Mar-31,5:29:42 AM,
Monday,7-Apr-31,7:21:24 PM,
Wednesday,7-May-31,5:39:54 AM,[/]
Thursday,5-Jun-31,1:58:36 PM,[/]
Friday,4-Jul-31,9:01:24 PM,
Sunday,3-Aug-31,3:45:36 AM,
Monday,1-Sep-31,11:20:30 AM,
Tuesday,30-Sep-31,8:57:54 PM,[+]
Thursday,30-Oct-31,8:32:42 AM,[/]
Saturday,29-Nov-31,12:18:30 AM,
Sunday,28-Dec-31,6:33:06 PM,
Tuesday,27-Jan-32,1:52:30 PM,
Thursday,26-Feb-32,8:43:18 AM,
Saturday,27-Mar-32,1:46:18 AM,
Sunday,25-Apr-32,5:09:42 PM,[**]
Tuesday,25-May-32,4:37:18 AM,
Wednesday,23-Jun-32,1:32:36 PM,
Thursday,22-Jul-32,8:51:36 PM,
Saturday,21-Aug-32,3:46:54 AM,
Sunday,19-Sep-32,11:30:18 AM,
Monday,18-Oct-32,8:58:12 PM,[**]
Wednesday,17-Nov-32,7:42:06 AM,
Thursday,16-Dec-32,9:49:00 PM,
Saturday,15-Jan-33,2:07:06 PM,
Monday,14-Feb-33,8:04:12 AM,
Wednesday,16-Mar-33,2:37:30 AM,
Thursday,14-Apr-33,9:17:24 PM,[**]
Saturday,14-May-33,12:42:48 PM,
Monday,13-Jun-33,1:19:18 AM,
Tuesday,12-Jul-33,11:28:36 AM,
Wednesday,10-Aug-33,8:07:42 PM,
Friday,9-Sep-33,4:20:36 AM,
Saturday,8-Oct-33,12:58:12 PM,[**]
Sunday,6-Nov-33,9:32:06 PM,
Tuesday,6-Dec-33,8:22:06 AM,
Wednesday,4-Jan-34,8:47:06 PM,
Friday,3-Feb-34,11:04:36 AM,
Sunday,5-Mar-34,3:10:12 AM,
Monday,3-Apr-34,9:18:54 PM,[/]
Wednesday,3-May-34,2:15:48 PM,
Friday,2-Jun-34,5:54:06 AM,
Saturday,1-Jul-34,7:44:36 PM,
Monday,31-Jul-34,7:54:30 AM,
Tuesday,29-Aug-34,6:49:18 PM,
Thursday,28-Sep-34,4:56:54 AM,[*]
Friday,27-Oct-34,2:42:36 PM,
Saturday,25-Nov-34,11:32:12 PM,
Monday,25-Dec-34,9:54:30 AM,
Tuesday,23-Jan-35,9:16:36 PM,
Thursday,22-Feb-35,9:54:00 AM,[/]
Friday,23-Mar-35,11:42:12 PM,
Sunday,22-Apr-35,3:20:48 PM,
Tuesday,22-May-35,6:25:54 AM,
Wednesday,20-Jun-35,9:37:30 PM,
Friday,20-Jul-35,12:36:54 PM,
Sunday,19-Aug-35,3:00:24 AM,[*]
Monday,17-Sep-35,4:23:36 PM,
Wednesday,17-Oct-35,4:35:36 AM,
Thursday,15-Nov-35,2:48:54 PM,
Saturday,15-Dec-35,1:33:12 AM,
Sunday,13-Jan-36,12:16:12 PM,
Monday,11-Feb-36,11:08:48 PM,[**]
Wednesday,12-Mar-36,10:09:30 AM,
Thursday,10-Apr-36,10:22:36 PM,
Saturday,10-May-36,10:09:36 AM,
Sunday,8-Jun-36,11:02:00 PM,
Tuesday,8-Jul-36,1:19:24 PM,
Thursday,7-Aug-36,4:49:00 AM,[**]
Friday,5-Sep-36,8:45:36 PM,
Sunday,5-Oct-36,12:15:12 PM,
Tuesday,4-Nov-36,1:44:18 AM,
Wednesday,3-Dec-36,3:08:36 PM,
Friday,2-Jan-37,3:35:18 AM,
Saturday,31-Jan-37,3:04:12 PM,[**][+]
Monday,2-Mar-37,1:28:12 AM,
Tuesday,31-Mar-37,11:53:36 AM,
Wednesday,29-Apr-37,8:54:00 PM,
Friday,29-May-37,6:24:12 AM,
Saturday,27-Jun-37,5:20:00 PM,
Monday,27-Jul-37,6:15:12 AM,[*]
Tuesday,25-Aug-37,9:09:24 PM,
Thursday,24-Sep-37,1:31:48 PM,
Saturday,24-Oct-37,6:36:36 AM,
Sunday,22-Nov-37,10:35:18 PM,
Tuesday,22-Dec-37,2:38:42 PM,
Thursday,21-Jan-38,5:00:00 AM,[/]
Friday,19-Feb-38,5:09:30 PM,
Sunday,21-Mar-38,3:09:36 AM,
Monday,19-Apr-38,12:36:06 PM,
Tuesday,18-May-38,8:23:36 PM,
Thursday,17-Jun-38,4:30:36 AM,[/]
Friday,16-Jul-38,1:48:18 PM,[/]
Sunday,15-Aug-38,12:56:54 AM,
Monday,13-Sep-38,2:24:30 PM,
Wednesday,13-Oct-38,6:21:54 AM,
Thursday,11-Nov-38,11:27:12 PM,
Saturday,11-Dec-38,6:30:30 PM,[/]
Monday,10-Jan-39,12:45:36 PM,
Wednesday,9-Feb-39,4:39:18 AM,
Thursday,10-Mar-39,5:35:00 PM,
Saturday,9-Apr-39,4:52:48 AM,
Sunday,8-May-39,1:20:06 PM,
Monday,6-Jun-39,8:47:42 PM,[*]
Wednesday,6-Jul-39,4:03:30 AM,
Thursday,4-Aug-39,11:56:42 AM,
Friday,2-Sep-39,9:23:36 PM,
Sunday,2-Oct-39,9:23:18 AM,
Monday,31-Oct-39,11:36:18 PM,
Wednesday,30-Nov-39,5:49:36 PM,[*]
Friday,30-Dec-39,1:37:48 PM,
Sunday,29-Jan-40,8:54:42 AM,
Tuesday,28-Feb-40,1:59:36 AM,
Wednesday,28-Mar-40,5:11:42 PM,
Friday,27-Apr-40,4:37:54 AM,
Saturday,26-May-40,1:47:06 PM,[**]
Sunday,24-Jun-40,9:19:24 PM,
Tuesday,24-Jul-40,4:05:42 AM,
Wednesday,22-Aug-40,11:09:42 AM,
Thursday,20-Sep-40,7:42:48 PM,
Saturday,20-Oct-40,6:49:54 AM,
Sunday,18-Nov-40,8:06:12 PM,[**]
Tuesday,18-Dec-40,1:15:48 PM,
Thursday,17-Jan-41,8:11:24 AM,
Saturday,16-Feb-41,3:21:18 AM,
Sunday,17-Mar-41,9:19:12 PM,
Tuesday,16-Apr-41,2:00:42 PM,
Thursday,16-May-41,2:52:24 AM,[*]
Friday,14-Jun-41,12:58:48 PM,
Saturday,13-Jul-41,9:00:54 PM,
Monday,12-Aug-41,4:04:42 AM,
Tuesday,10-Sep-41,11:23:54 AM,
Wednesday,9-Oct-41,8:02:42 PM,
Friday,8-Nov-41,5:43:30 AM,[*]
Saturday,7-Dec-41,6:42:18 PM,
Monday,6-Jan-42,9:54:00 AM,
Wednesday,5-Feb-42,2:57:48 AM,
Thursday,6-Mar-42,9:10:00 PM,
Saturday,5-Apr-42,4:16:00 PM,[/]
Monday,5-May-42,8:48:36 AM,
Tuesday,3-Jun-42,10:48:18 PM,
Thursday,3-Jul-42,10:09:24 AM,
Friday,1-Aug-42,7:33:24 PM,
Sunday,31-Aug-42,4:02:24 AM,[+]
Monday,29-Sep-42,12:34:24 PM,[/]
Tuesday,28-Oct-42,8:48:30 PM,
Thursday,27-Nov-42,7:06:06 AM,
Friday,26-Dec-42,6:42:48 PM,
Sunday,25-Jan-43,7:56:42 AM,
Monday,23-Feb-43,10:58:00 PM,
Wednesday,25-Mar-43,3:26:24 PM,[**]
Friday,24-Apr-43,9:23:06 AM,
Sunday,24-May-43,1:37:00 AM,
Monday,22-Jun-43,4:20:42 PM,
Wednesday,22-Jul-43,5:24:18 AM,
Thursday,20-Aug-43,5:04:36 PM,
Saturday,19-Sep-43,3:47:06 AM,[**]
Sunday,18-Oct-43,1:55:48 PM,
Monday,16-Nov-43,10:52:36 PM,
Wednesday,16-Dec-43,9:02:06 AM,
Thursday,14-Jan-44,7:51:12 PM,
Saturday,13-Feb-44,7:41:48 AM,
Sunday,13-Mar-44,8:41:12 PM,[**]
Tuesday,12-Apr-44,11:39:12 AM,
Thursday,12-May-44,2:16:42 AM,
Friday,10-Jun-44,5:16:12 PM,
Sunday,10-Jul-44,8:22:06 AM,
Monday,8-Aug-44,11:14:00 PM,
Wednesday,7-Sep-44,1:24:30 PM,[**]
Friday,7-Oct-44,2:30:06 AM,
Saturday,5-Nov-44,1:26:48 PM,
Monday,5-Dec-44,12:34:00 AM,
Tuesday,3-Jan-45,11:20:30 AM,
Wednesday,1-Feb-45,10:05:36 PM,
Friday,3-Mar-45,8:52:42 AM,[/]
Saturday,1-Apr-45,8:43:06 PM,
Monday,1-May-45,7:52:18 AM,
Tuesday,30-May-45,7:52:30 PM,
Thursday,29-Jun-45,9:15:54 AM,
Saturday,29-Jul-45,12:10:42 AM,
Sunday,27-Aug-45,4:07:48 PM,[/]
Tuesday,26-Sep-45,8:11:36 AM,
Wednesday,25-Oct-45,11:31:18 PM,
Friday,24-Nov-45,12:43:36 PM,
Sunday,24-Dec-45,1:49:18 AM,
Monday,22-Jan-46,1:51:24 PM,[*]
Wednesday,21-Feb-46,12:44:24 AM,
Thursday,22-Mar-46,10:27:00 AM,
Friday,20-Apr-46,8:21:12 PM,
Sunday,20-May-46,5:15:24 AM,
Monday,18-Jun-46,3:10:06 PM,
Wednesday,18-Jul-46,2:55:06 AM,[*]
Thursday,16-Aug-46,4:50:12 PM,
Saturday,15-Sep-46,8:39:30 AM,
Monday,15-Oct-46,1:41:24 AM,
Tuesday,13-Nov-46,6:04:30 PM,
Thursday,13-Dec-46,10:55:30 AM,
Saturday,12-Jan-47,2:21:24 AM,[**]
Sunday,10-Feb-47,3:39:54 PM,
Tuesday,12-Mar-47,2:37:06 AM,
Wednesday,10-Apr-47,12:35:24 PM,
Thursday,9-May-47,8:24:36 PM,
Saturday,8-Jun-47,4:05:00 AM,
Sunday,7-Jul-47,12:33:54 PM,[**]
Monday,5-Aug-47,10:38:36 PM,
Wednesday,4-Sep-47,10:54:18 AM,
Friday,4-Oct-47,1:42:06 AM,
Saturday,2-Nov-47,5:58:12 PM,
Monday,2-Dec-47,12:55:12 PM,
Wednesday,1-Jan-48,7:57:12 AM,[**]
Friday,31-Jan-48,1:14:24 AM,
Saturday,29-Feb-48,3:38:12 PM,
Monday,30-Mar-48,4:04:30 AM,
Tuesday,28-Apr-48,1:13:00 PM,
Wednesday,27-May-48,8:57:18 PM,
Friday,26-Jun-48,4:08:12 AM,[*]
Saturday,25-Jul-48,11:34:00 AM,
Sunday,23-Aug-48,8:07:12 PM,
Tuesday,22-Sep-48,6:46:36 AM,
Wednesday,21-Oct-48,8:25:00 PM,
Friday,20-Nov-48,12:19:36 PM,
Sunday,20-Dec-48,7:39:18 AM,[/]
Tuesday,19-Jan-49,3:29:12 AM,
Wednesday,17-Feb-49,9:47:30 PM,
Friday,19-Mar-49,1:23:24 PM,
Sunday,18-Apr-49,3:04:48 AM,
Monday,17-May-49,1:13:48 PM,[/]
Tuesday,15-Jun-49,9:26:54 PM,[/]
Thursday,15-Jul-49,4:29:42 AM,
Friday,13-Aug-49,11:19:36 AM,
Saturday,11-Sep-49,7:04:24 PM,
Monday,11-Oct-49,4:53:18 AM,
Tuesday,9-Nov-49,4:38:00 PM,[/]
Thursday,9-Dec-49,8:28:06 AM,
Saturday,8-Jan-50,2:39:06 AM,
Sunday,6-Feb-50,9:47:30 PM,
Tuesday,8-Mar-50,4:23:18 PM,
Thursday,7-Apr-50,10:12:12 AM,
Saturday,7-May-50,12:26:12 AM,[**]
Sunday,5-Jun-50,11:51:12 AM,
Monday,4-Jul-50,8:51:00 PM,
Wednesday,3-Aug-50,4:20:30 AM,
Thursday,1-Sep-50,11:30:54 AM,
Friday,30-Sep-50,7:31:48 PM,[+]
Sunday,30-Oct-50,4:16:00 AM,[**]
Monday,28-Nov-50,4:09:48 PM,
Wednesday,28-Dec-50,6:15:36 AM,
